,ALA,CEA,CWP,NEA,NEF,NPL,NWP,SEA,SPL,SWP,CAN,USA,USC
1961 January,1.99,-1.0,0.38,0.45,-0.64,0.99,0.47,-1.19,-1.67,0.2,0.16,-0.29,-0.17
1961 February,1.23,0.37,0.68,0.32,0.54,0.65,0.57,-0.71,-1.34,-0.51,0.78,0.29,0.44
1961 March,2.32,0.85,1.51,0.4,-0.14,0.76,0.52,-0.16,-0.67,-0.4,0.26,0.91,0.75
1961 April,0.75,0.54,-0.17,0.82,0.05,1.68,-0.17,-0.93,-1.48,-0.4,0.24,0.03,0.12
1961 May,1.02,-0.73,1.05,-0.36,-0.39,1.12,-0.23,-1.08,-1.63,-1.31,-0.28,-0.9,-0.66
1961 June,1.65,-1.54,1.06,-0.68,-0.14,1.44,0.61,-1.7,-1.55,-0.28,0.27,-1.15,-0.57
1961 July,1.21,-1.22,-0.13,-1.72,0.53,1.45,-0.44,-0.93,-0.57,-0.49,0.32,-0.66,-0.24
1961 August,1.51,-1.61,-0.34,-1.86,0.31,1.1,-0.24,-1.0,-0.7,-0.61,0.25,-0.91,-0.55
1961 September,0.3,-0.91,-1.13,-1.77,0.25,0.62,-0.57,-0.96,1.05,-0.85,-0.07,-0.98,-0.72
1961 October,0.57,-0.16,-1.24,-2.08,-0.42,0.08,-0.7,-0.62,-0.62,-1.56,-0.86,-0.68,-0.98
1961 November,0.27,-0.58,-1.28,-1.1,-1.49,0.78,-1.1,-0.08,-0.05,-0.96,-1.45,-0.71,-1.15
1961 December,0.31,-0.64,-0.71,0.2,-1.22,1.19,-0.37,-0.42,-0.52,-0.64,-0.78,-0.65,-0.77
1962 January,0.15,-1.43,-1.76,-1.68,-1.92,1.02,-0.97,-1.32,-1.97,-0.59,-1.69,-1.76,-1.92
1962 February,-0.27,0.07,-0.47,-1.95,-0.1,0.24,-0.21,-0.26,-1.11,0.43,-0.26,-0.24,-0.25
1962 March,-0.29,1.5,-0.66,0.72,-0.52,0.96,-1.16,0.45,-0.34,-0.96,-0.78,0.49,0.06
1962 April,0.82,-1.04,-0.05,-0.31,-0.41,0.62,-0.24,-1.74,-1.06,-1.03,-0.37,-1.26,-1.07
1962 May,0.25,-0.89,0.38,-0.78,-0.7,0.74,-0.91,-0.87,-1.68,-0.35,-0.79,-1.05,-1.02
1962 June,0.65,-1.0,-0.77,-1.56,-1.15,1.36,-0.2,-0.64,-1.22,-0.8,-0.9,-1.04,-1.05
1962 July,0.68,-0.76,-1.13,-0.46,-0.53,1.15,-0.87,-0.68,-1.6,-0.79,-0.64,-0.97,-0.92
1962 August,1.09,-0.64,-0.29,-1.62,-0.71,1.1,-0.01,-0.41,-1.55,-0.74,-0.51,-0.42,-0.55
1962 September,0.72,-1.26,0.07,-1.38,-1.02,0.84,0.1,-1.17,-1.55,-0.25,-0.67,-1.03,-1.07
1962 October,1.29,-0.09,0.69,-0.57,-0.63,0.36,0.8,-0.84,-1.68,0.48,-0.01,0.09,0.08
1962 November,1.47,0.31,-0.17,-0.67,-0.92,0.22,0.12,-0.89,-1.31,-1.0,-0.47,0.09,-0.14
1962 December,0.88,-0.44,-0.39,-1.11,-2.02,1.47,0.14,-0.94,-1.58,-0.33,-0.98,-0.48,-0.72
1963 January,-0.33,-0.65,-1.81,-1.02,-0.93,0.9,-1.39,-0.16,-1.3,-0.44,-1.4,-1.06,-1.3
1963 February,0.78,-2.32,-0.34,-0.82,-2.27,0.89,0.18,-1.2,-2.07,0.39,-1.0,-1.12,-1.12
1963 March,-0.15,-0.57,-0.6,-1.89,-1.34,0.83,-0.96,-1.64,-1.26,-0.61,-1.37,-1.18,-1.35
1963 April,0.89,-0.72,1.09,-0.02,-0.29,0.86,1.11,-1.45,-1.38,0.33,0.35,-0.61,-0.31
1963 May,1.27,-2.27,0.64,-2.67,-1.38,0.52,0.14,-1.62,-2.34,-0.01,-1.19,-1.82,-1.67
1963 June,1.18,-1.3,-0.12,-1.56,-1.42,0.65,0.4,-1.87,-1.96,0.29,-0.96,-1.36,-1.27
1963 July,1.5,-1.6,0.47,-0.96,-1.12,0.55,0.4,-1.77,-1.63,0.08,-0.59,-1.04,-0.94
1963 August,0.79,-1.93,-0.51,-1.39,-0.75,0.89,-0.11,-2.06,-2.64,-0.19,-0.62,-2.19,-1.91
1963 September,1.5,-1.52,0.89,-1.19,-0.93,1.12,1.12,-0.67,-1.55,0.53,-0.09,-0.01,-0.05
1963 October,2.32,-1.47,1.12,-0.57,-1.4,1.2,1.84,-0.85,-1.25,-0.03,0.12,-0.3,-0.22
1963 November,1.2,-0.21,0.5,-0.37,0.35,1.52,0.68,-1.16,-0.97,0.24,0.78,-0.01,0.33
1963 December,1.14,-1.66,-0.39,-0.67,-1.49,1.74,0.22,-2.22,-2.12,0.1,-0.55,-1.41,-1.25
1964 January,1.67,-0.42,0.51,-0.7,-0.23,1.07,1.18,-1.6,-2.47,-0.17,0.83,-0.4,-0.02
1964 February,0.19,-1.12,-1.74,-0.63,-0.98,1.53,-1.52,-1.8,-2.15,-1.26,-1.42,-1.53,-1.55
1964 March,-0.04,-0.67,-0.7,-1.73,-0.47,0.57,-1.11,-1.46,-1.29,-1.46,-0.88,-1.29,-1.24
1964 April,0.18,-1.44,-1.31,-2.99,-2.28,0.68,-1.46,-1.79,-1.58,-1.88,-2.58,-2.07,-2.52
1964 May,0.07,-1.59,-1.37,-0.57,-1.53,1.34,-1.84,-0.96,-1.09,-1.99,-1.68,-1.95,-2.01
1964 June,0.82,-1.93,0.3,-1.56,-1.52,0.86,0.28,-1.55,-1.75,-1.71,-1.06,-1.95,-1.68
1964 July,1.6,-1.86,0.18,-1.97,-1.09,0.28,0.13,-2.25,-1.87,-2.11,-0.76,-1.87,-1.53
1964 August,1.4,-1.15,0.0,-1.39,-1.44,1.03,0.53,-1.36,-1.27,-0.61,-0.89,-0.85,-1.05
1964 September,0.31,-1.27,-0.8,-0.6,-2.16,1.62,-0.3,-0.36,-1.08,-0.97,-1.54,-1.29,-1.72
1964 October,1.09,-0.88,-0.59,-1.82,-1.91,1.55,-0.21,-0.7,-1.39,-1.04,-1.55,-0.85,-1.42
1964 November,0.28,-0.51,-0.37,-0.52,-2.32,1.22,-0.52,-1.14,-1.1,-0.89,-1.5,-1.0,-1.38
1964 December,0.48,-0.92,0.62,-1.69,-1.63,0.44,0.47,-0.95,-0.58,-0.28,-0.71,-0.58,-0.69
1965 January,0.57,0.01,0.58,-0.2,-1.86,0.79,0.28,-0.46,-1.13,-0.21,-0.73,-0.01,-0.26
1965 February,-0.07,-0.61,-0.6,-1.0,-1.53,1.06,-0.82,-0.72,-0.27,-0.04,-1.3,-0.58,-0.81
1965 March,-0.59,-1.02,-0.8,0.07,-1.75,0.64,-1.58,-1.26,-1.93,0.48,-1.89,-1.28,-1.61
1965 April,0.51,-0.3,0.83,-0.45,-2.79,0.97,0.27,-0.95,-1.21,1.69,-2.07,-0.12,-0.9
1965 May,0.3,-1.38,-1.11,-1.83,-1.63,1.23,-1.77,-1.87,-0.75,-1.36,-1.8,-1.97,-2.09
1965 June,0.67,-1.26,-0.13,-0.46,-1.78,0.93,-0.09,-1.31,-0.56,-0.31,-1.37,-1.16,-1.35
1965 July,0.43,-1.42,0.06,-1.47,-1.77,1.28,-0.43,-1.17,-1.23,-0.41,-1.35,-1.25,-1.47
1965 August,0.47,-2.01,0.84,-1.86,-1.3,0.82,0.23,-1.39,-0.62,0.89,-0.97,-1.4,-1.49
1965 September,-0.22,-1.85,0.07,-1.77,-0.83,1.2,-0.59,-0.46,0.36,0.74,-0.8,-1.0,-1.13
1965 October,1.42,-1.1,0.51,-0.32,1.1,1.06,0.63,-0.94,-0.25,0.6,1.47,-0.33,0.32
1965 November,0.14,-0.87,1.02,-0.37,0.26,1.46,1.12,-0.48,0.18,1.06,0.97,-0.19,0.28
1965 December,0.72,-0.45,0.65,-1.11,-0.48,0.98,1.04,-0.49,0.78,1.63,0.43,0.37,0.44
1966 January,0.25,-0.04,0.88,1.11,0.39,0.81,0.92,0.32,0.3,0.36,1.06,0.45,0.71
1966 February,-0.07,-0.69,-0.27,0.89,-0.42,0.99,0.17,-0.76,-0.47,-0.39,0.05,-0.64,-0.46
1966 March,1.78,-0.45,0.43,-0.26,-0.09,1.47,0.67,-0.67,-1.14,-0.41,0.43,-0.19,0.02
1966 April,-0.36,-0.43,-0.28,-0.45,-1.25,1.03,-0.64,-0.8,-0.8,0.78,-1.19,-0.63,-0.93
1966 May,1.44,-1.18,-1.2,-0.57,-1.11,1.34,-1.15,0.3,0.23,0.5,-1.14,-0.13,-0.7
1966 June,1.32,-1.56,-0.71,-1.12,-0.94,0.65,0.58,-0.58,-0.88,-0.1,-0.49,-0.93,-0.79
1966 July,0.45,-0.63,0.05,0.3,-1.11,1.15,-0.25,-0.72,-0.66,-0.46,-0.75,-0.6,-0.76
1966 August,0.97,-1.26,-0.61,-0.21,-0.62,0.47,-0.53,-1.34,-1.52,0.29,-0.72,-1.09,-1.15
1966 September,1.59,0.02,-0.46,0.18,-0.79,0.7,0.12,-1.25,-2.11,-0.72,-0.42,-0.12,-0.31
1966 October,1.05,-1.9,-0.48,-1.07,-1.04,0.92,-0.32,-1.25,-1.32,-0.62,-0.95,-1.64,-1.88
1966 November,-0.26,-0.7,0.07,-2.56,-0.84,-0.31,-0.09,-1.41,-1.62,-0.05,-0.72,-1.25,-1.23
1966 December,1.36,-0.73,0.87,-1.11,0.66,0.57,1.26,-0.45,-1.38,0.01,1.19,0.02,0.45
1967 January,0.71,-0.02,0.49,-0.7,0.46,0.84,0.51,-0.41,-0.93,-0.05,0.72,0.07,0.3
1967 February,0.49,-0.88,-0.79,-0.25,-0.21,1.33,-0.45,-0.8,-0.81,-0.51,-0.27,-0.67,-0.58
1967 March,-1.26,-0.31,0.64,-1.07,-0.7,0.32,0.34,-1.06,-0.69,0.06,-0.32,-0.73,-0.64
1967 April,-1.12,0.16,0.91,-0.31,-0.59,1.09,0.32,-0.04,-0.19,0.19,-0.21,-0.03,-0.1
1967 May,-0.15,0.42,-0.83,0.9,-0.39,0.96,-0.43,-0.21,-0.33,0.08,-0.31,-0.06,-0.21
1967 June,0.07,-0.36,1.05,-1.12,-0.38,0.79,0.78,0.89,0.46,0.82,0.06,0.54,0.35
1967 July,0.9,-0.23,0.11,-1.21,-0.26,0.75,-0.03,-1.0,-0.26,0.19,-0.15,-0.12,-0.15
1967 August,0.86,-0.63,-0.33,-1.39,-0.75,0.82,-0.01,-0.19,0.05,0.59,-0.59,0.07,-0.22
1967 September,2.38,-0.72,0.13,-0.8,-0.53,0.91,0.67,-0.44,-0.02,0.21,0.01,1.18,0.82
1967 October,1.28,-0.92,0.97,-1.07,0.59,0.92,1.62,-1.2,-0.88,-0.86,1.58,-0.68,0.06
1967 November,-0.06,-1.26,-0.73,-0.37,1.1,1.1,-0.61,-1.0,-0.54,0.28,0.41,-1.3,-0.77
1967 December,0.17,0.76,-0.51,-0.09,0.76,0.81,-0.21,0.67,0.07,-0.54,0.41,0.49,0.52
1968 January,-0.51,-0.93,0.21,-0.37,2.16,1.02,0.51,-0.11,-0.18,-0.02,1.72,-0.61,0.13
1968 February,0.87,-0.85,0.58,0.32,-0.05,1.06,0.55,-0.35,-0.13,0.41,0.5,0.03,0.17
1968 March,1.52,-0.94,0.25,-1.07,0.29,0.89,0.57,-1.58,-1.4,-0.31,0.53,-0.81,-0.39
1968 April,0.72,-0.66,-1.55,-0.87,-0.15,1.15,-1.09,-0.9,-0.67,-0.56,-0.49,-0.92,-0.87
1968 May,0.42,0.01,0.3,-0.57,-1.03,1.07,0.15,-1.79,-0.76,-0.49,-0.76,-0.8,-0.86
1968 June,0.94,0.44,-0.58,-0.24,-0.77,1.01,0.53,-1.6,-0.78,-0.79,-0.3,-0.45,-0.41
1968 July,0.95,-0.74,0.55,-0.96,-0.53,0.95,0.17,-0.67,0.39,-0.5,-0.22,-0.18,-0.22
1968 August,0.78,-0.39,1.88,0.26,-0.54,0.89,1.51,-0.58,0.07,-0.24,0.43,0.19,0.34
1968 September,1.41,-0.83,0.13,-0.99,0.15,1.2,0.69,-1.09,-0.38,-0.26,0.57,-0.06,0.26
1968 October,1.42,-1.07,1.36,-0.07,-0.68,1.69,1.78,-0.75,-0.54,-0.25,0.8,-0.3,0.07
1968 November,1.76,0.2,0.62,0.65,0.15,0.57,0.81,-1.87,-1.34,-0.19,0.67,0.1,0.37
1968 December,0.13,-1.37,1.45,0.93,-0.14,1.05,1.13,-2.0,-0.97,-0.12,0.81,-1.13,-0.54
1969 January,-0.71,-1.03,1.47,-0.2,0.19,0.67,1.03,-0.75,0.01,1.16,0.92,-0.43,-0.01
1969 February,0.72,0.42,1.45,-0.06,1.44,0.17,1.09,0.33,1.05,1.12,1.54,1.01,1.2
1969 March,-0.66,-0.07,-0.69,0.89,-0.4,1.27,-0.93,-0.36,-0.12,-0.15,-0.55,-0.44,-0.51
1969 April,2.1,-0.51,1.83,0.12,0.31,1.27,1.76,-0.97,-0.52,0.35,1.19,0.17,0.59
1969 May,0.71,-0.78,1.5,0.27,0.57,1.18,0.27,-1.43,-0.41,0.23,0.72,-0.65,0.03
1969 June,0.59,0.42,1.67,-0.03,0.45,1.29,1.29,-0.26,-0.36,-0.05,1.02,0.48,0.77
1969 July,0.66,0.91,-0.54,-0.46,0.7,0.28,-0.49,-0.68,-0.97,-0.47,0.31,0.08,0.21
1969 August,0.83,0.16,-0.82,0.96,0.76,1.24,0.12,0.46,0.03,-0.28,0.99,0.57,0.89
1969 September,0.92,0.38,0.75,-0.21,0.92,0.13,1.48,-1.03,-1.15,0.05,1.37,0.35,0.97
1969 October,0.48,0.45,0.47,1.19,-0.79,1.62,0.51,0.43,0.56,0.41,-0.01,0.9,0.8
1969 November,1.35,0.87,-0.48,-0.96,0.55,1.34,0.0,-0.67,-1.54,0.47,0.45,0.65,0.67
1969 December,2.5,0.72,0.79,0.35,0.36,0.85,1.3,-0.46,-1.31,0.3,1.15,1.29,1.38
1970 January,1.02,0.33,0.92,1.77,-0.53,1.19,0.54,-0.99,-1.1,0.2,0.37,0.25,0.32
1970 February,0.84,0.05,0.13,-0.82,0.09,1.26,-0.27,-1.14,-1.32,0.07,-0.03,-0.08,-0.07
1970 March,1.28,-0.03,-0.75,1.22,-0.69,0.96,-0.75,-0.08,-0.31,0.42,-0.68,0.14,-0.15
1970 April,0.7,0.39,-1.42,0.54,0.0,0.91,-1.44,0.18,-0.31,-1.65,-0.47,0.01,-0.18
1970 May,1.26,-0.92,-1.76,-0.99,0.28,0.3,-1.58,-0.25,0.32,-0.84,-0.16,-0.58,-0.41
1970 June,0.98,0.05,-0.63,0.19,-0.11,0.65,-0.49,-0.02,-0.77,-0.72,-0.2,-0.01,-0.1
1970 July,1.53,-0.32,-0.86,-0.46,0.12,0.48,-0.83,-0.51,-0.27,-0.63,-0.23,-0.03,-0.14
1970 August,1.03,0.59,-1.14,0.14,0.33,0.82,-1.2,0.5,0.23,-0.96,-0.14,0.83,0.54
1970 September,0.26,-0.59,-1.8,-0.19,0.77,0.7,-1.0,-1.42,-0.58,-0.97,0.23,-1.47,-0.9
1970 October,-0.13,0.54,-0.04,-0.32,0.47,0.57,-0.29,0.83,0.22,-0.56,0.3,0.56,0.64
1970 November,-0.53,1.57,0.19,0.06,0.09,0.63,-0.37,-0.68,-1.9,-0.06,-0.07,0.24,0.14
1970 December,-0.07,1.39,1.06,2.38,1.4,0.71,0.59,0.4,0.08,-0.38,1.42,1.0,1.27
1971 January,-1.44,0.44,-0.4,1.11,0.08,1.59,-0.97,-0.25,0.33,-1.02,-0.3,-0.58,-0.55
1971 February,-0.31,0.54,-0.99,-0.63,0.95,1.19,-1.09,-0.48,0.0,-1.37,-0.15,-0.42,-0.35
1971 March,0.26,0.18,0.09,1.54,0.48,0.96,0.15,-0.69,-0.81,-1.47,0.58,-0.39,-0.07
1971 April,1.38,0.23,0.52,0.82,0.42,0.97,0.71,-0.74,-0.44,-1.02,0.83,0.17,0.45
1971 May,0.63,0.74,0.37,0.9,0.92,0.9,0.59,-1.0,-1.23,-0.45,1.09,-0.06,0.57
1971 June,0.25,0.6,1.1,0.41,-0.56,0.57,0.94,-1.29,-1.91,-0.36,0.01,-0.32,-0.19
1971 July,0.17,-0.7,0.32,-0.46,-0.78,1.28,0.45,-0.97,-1.16,-0.06,-0.21,-0.82,-0.61
1971 August,1.09,-0.55,0.8,-0.68,-0.69,0.54,0.99,-0.62,-1.1,-0.3,-0.06,-0.12,-0.12
1971 September,0.45,0.29,0.17,-0.6,0.0,0.91,0.41,-0.04,0.92,-0.25,0.3,0.57,0.55
1971 October,-0.47,1.84,-0.92,-0.32,-0.68,0.43,-0.56,1.22,0.26,-0.71,-0.85,1.24,0.76
1971 November,-0.34,1.25,-0.59,0.65,-0.91,0.04,-0.54,1.41,0.99,-0.88,-0.79,0.95,0.35
1971 December,-0.97,0.07,0.11,-0.23,-0.87,1.12,-0.52,1.29,1.45,-1.02,-0.71,0.06,-0.22
1972 January,-1.67,0.14,-0.28,-1.02,-1.37,0.84,-1.01,0.98,1.23,-0.84,-1.4,-0.22,-0.65
1972 February,-0.39,0.15,0.49,-0.44,-1.34,0.78,0.36,-0.08,-0.13,-0.5,-0.37,-0.1,-0.19
1972 March,-0.11,0.82,0.91,-0.42,0.34,0.45,0.97,0.1,0.26,-0.07,0.74,0.54,0.66
1972 April,0.21,0.6,1.1,0.54,0.01,0.56,1.45,0.41,0.99,-0.07,0.74,0.84,0.9
1972 May,-0.25,1.57,0.59,0.27,1.31,0.58,1.42,1.47,0.84,0.06,1.59,1.62,1.78
1972 June,0.57,1.7,1.29,0.19,1.82,0.79,2.88,1.21,1.16,1.25,2.69,2.17,2.59
1972 July,-0.09,0.91,1.54,0.3,2.19,1.02,2.05,0.21,1.81,0.35,2.63,1.1,2.04
1972 August,0.89,0.4,1.13,0.49,2.13,0.82,0.84,-0.05,0.0,1.02,2.43,1.13,1.98
1972 September,-0.26,1.71,0.78,-0.02,1.82,0.84,0.69,0.43,0.18,0.23,1.83,1.16,1.79
1972 October,-1.17,0.25,-0.55,-0.57,1.25,-0.13,-1.1,0.82,1.08,1.46,0.34,0.35,0.45
1972 November,0.27,1.82,0.2,-0.08,1.7,-0.37,0.28,1.19,0.6,0.98,1.09,1.96,1.9
1972 December,-0.19,1.62,0.48,0.49,1.52,-0.8,0.35,0.79,0.29,1.4,1.03,1.39,1.42
1973 January,0.08,1.38,0.73,1.28,1.69,-0.02,1.07,1.76,0.93,0.41,1.77,1.59,1.82
1973 February,-0.13,1.36,0.11,-0.06,2.11,-0.1,0.05,1.68,0.87,1.0,1.13,1.19,1.21
1973 March,0.84,1.71,-0.14,-0.75,2.72,1.02,0.35,1.85,1.77,-0.15,2.12,1.73,2.01
1973 April,-0.24,0.83,-2.12,0.4,1.45,0.97,-2.31,1.79,1.42,-1.5,0.34,0.64,0.6
1973 May,0.72,1.28,-1.47,-0.36,1.54,0.58,-0.26,0.46,-0.06,-0.65,1.33,0.77,1.16
1973 June,0.72,0.1,-1.18,-0.68,1.54,0.65,-0.53,-0.2,0.56,-0.39,1.07,0.05,0.54
1973 July,0.12,1.03,-1.66,0.05,1.72,0.68,-0.89,0.36,-0.27,-0.83,0.94,0.2,0.61
1973 August,-0.17,0.85,-1.76,-0.45,2.02,0.19,-1.38,0.91,0.77,-1.13,1.11,0.45,0.86
1973 September,-0.2,0.71,-1.45,0.57,1.25,1.12,-1.14,1.15,0.96,-1.82,0.65,0.02,0.36
1973 October,-0.31,0.36,-0.87,0.44,0.92,0.64,-0.5,1.36,1.69,-1.48,0.6,0.51,0.72
1973 November,-1.18,-1.49,0.81,0.21,-0.38,1.99,0.17,0.66,1.2,-1.06,0.16,-1.04,-0.69
1973 December,0.29,0.1,1.41,-1.54,0.48,0.16,1.02,0.14,0.0,-0.83,0.85,0.34,0.57
1974 January,-0.86,1.64,0.19,-0.37,0.89,0.03,-0.06,0.66,0.83,-0.28,0.44,0.78,0.75
1974 February,0.06,0.62,-0.14,0.51,0.12,0.99,-0.06,0.83,-0.08,-1.2,0.16,0.25,0.24
1974 March,0.03,-0.81,1.16,0.07,0.77,0.83,1.5,-0.16,0.69,0.33,1.36,-0.11,0.42
1974 April,0.64,-0.41,0.83,-0.02,1.12,0.74,1.43,0.08,1.44,0.3,1.64,0.23,0.8
1974 May,0.6,0.26,0.01,0.06,2.25,0.47,1.51,0.97,1.27,0.25,2.42,0.96,1.87
1974 June,0.63,0.79,0.63,-1.34,2.45,0.72,1.52,1.32,0.52,0.77,2.59,1.45,2.11
1974 July,-0.01,0.67,1.24,-0.46,1.88,0.75,2.01,0.79,-0.06,0.07,2.32,0.82,1.71
1974 August,-0.69,-0.44,-0.75,-0.92,1.14,0.54,-0.14,0.61,-0.04,-0.71,0.97,-0.71,-0.06
1974 September,-0.69,0.18,-0.98,-1.19,0.81,0.13,-0.88,1.34,-0.05,-0.19,0.16,-0.06,0.04
1974 October,0.08,-1.7,-2.3,-1.32,-0.42,0.67,-1.81,0.29,0.87,-0.72,-1.39,-1.25,-1.71
1974 November,0.29,-0.51,-0.71,-0.52,1.03,1.07,-0.63,-0.53,0.43,-0.95,0.35,-0.66,-0.33
1974 December,0.96,0.83,-0.56,0.06,1.61,0.02,-0.15,-0.07,-0.27,-1.24,0.85,0.46,0.66
1975 January,-0.39,0.1,-0.76,-0.37,1.22,0.15,-1.08,0.29,0.73,-1.36,-0.06,-0.31,-0.26
1975 February,0.21,0.31,0.22,-0.06,-0.26,0.92,0.0,1.8,0.82,-0.67,-0.03,0.67,0.49
1975 March,-0.39,-0.02,-0.04,0.89,0.58,0.51,-0.21,0.75,1.27,-0.22,0.39,0.26,0.33
1975 April,-0.61,-0.76,-0.82,0.82,0.45,-0.03,-1.18,0.78,1.64,-0.25,-0.1,-0.41,-0.34
1975 May,-0.06,0.5,-1.36,0.48,0.43,0.63,-1.31,1.52,1.18,-1.24,0.12,0.68,0.45
1975 June,-0.69,0.46,-1.56,-0.24,0.72,0.72,-1.02,1.43,1.08,-0.94,0.24,0.39,0.35
1975 July,0.11,0.46,-0.54,-0.71,-0.28,1.02,0.21,2.1,0.92,-0.64,0.0,1.05,0.64
1975 August,-0.14,0.21,-1.11,-0.37,-0.16,0.96,-0.37,1.6,0.92,-1.49,-0.16,0.36,0.19
1975 September,-0.73,-0.04,-2.13,-0.02,-0.23,0.2,-2.22,1.52,1.2,-0.87,-1.15,-0.34,-0.85
1975 October,-0.16,1.16,1.08,0.44,0.04,0.71,1.08,0.27,0.05,-1.59,0.83,0.64,0.93
1975 November,-0.18,0.84,0.15,0.57,0.29,0.16,0.78,0.28,0.64,-1.47,0.67,0.35,0.55
1975 December,-0.63,0.95,-0.9,-0.96,0.59,-0.11,-0.83,1.18,0.34,-2.01,-0.24,0.15,0.02
1976 January,0.01,0.31,-0.7,-1.19,0.8,-0.02,-0.69,-0.76,-0.25,-1.45,-0.1,-0.56,-0.46
1976 February,0.15,-0.65,0.0,-0.49,0.6,-0.17,0.01,-1.25,-1.42,-0.54,0.28,-0.74,-0.47
1976 March,-0.17,-0.19,-0.73,1.05,1.18,-0.13,-0.62,-0.38,0.55,-1.05,0.54,-0.47,-0.14
1976 April,0.46,-0.4,0.16,0.12,1.99,-0.15,0.25,0.25,0.67,-0.36,1.73,-0.03,0.65
1976 May,1.22,-1.25,-0.22,-0.36,1.05,0.3,1.49,0.38,-0.36,0.21,1.33,-0.21,0.61
1976 June,0.22,-0.73,-0.67,-0.03,0.8,-0.5,0.2,1.01,0.9,0.29,0.66,0.17,0.42
1976 July,1.2,0.17,0.8,0.81,2.03,-0.19,2.41,-0.1,0.67,0.85,2.53,0.96,1.91
1976 August,0.51,-0.21,1.64,0.18,1.79,-0.44,2.71,-0.04,-0.33,-0.53,2.8,0.22,1.48
1976 September,0.6,-0.26,0.71,1.15,1.45,-0.09,1.8,-0.93,-1.18,0.51,1.97,-0.03,1.03
1976 October,-0.24,-0.08,-0.31,1.19,1.21,0.01,-0.09,-0.98,-1.16,0.56,1.02,-0.68,-0.18
1976 November,0.23,-1.79,-1.16,1.67,-0.12,0.45,-1.23,-1.49,-0.96,0.75,-0.62,-1.73,-1.53
1976 December,0.42,-1.91,-0.69,0.28,-0.57,-0.32,-0.25,-0.37,-0.89,1.11,-0.52,-1.03,-0.96
1977 January,0.02,-1.98,-1.15,-0.86,0.07,0.55,-1.11,-0.91,-0.03,0.25,-0.69,-1.41,-1.31
1977 February,1.4,-1.82,-0.69,0.89,-0.5,-0.71,0.0,-1.46,-0.69,-0.68,-0.31,-0.91,-0.76
1977 March,0.32,-0.84,-1.44,1.22,0.83,0.51,-0.68,-0.26,0.28,-1.59,0.35,-0.84,-0.47
1977 April,-0.34,-1.15,-2.02,0.4,0.26,-0.21,-1.55,-0.66,0.09,-1.84,-0.46,-1.6,-1.35
1977 May,0.18,-1.08,0.43,1.95,-0.13,0.25,0.76,0.45,0.84,-1.14,0.17,-0.35,-0.1
1977 June,0.11,0.09,-1.42,0.63,0.45,-0.72,-1.0,0.36,0.02,-0.87,-0.09,-0.12,-0.12
1977 July,0.39,-1.23,-1.77,0.68,-0.9,0.08,-0.89,-0.46,0.2,-1.11,-1.0,-1.07,-1.18
1977 August,0.07,-0.78,0.96,0.73,-0.6,0.75,0.55,0.3,0.81,-0.08,-0.08,-0.1,-0.11
1977 September,0.14,1.66,1.25,1.25,0.76,-0.66,0.65,0.92,0.51,-0.29,0.84,1.58,1.54
1977 October,0.97,0.18,0.45,0.44,2.11,-0.27,0.33,-0.88,-0.35,0.22,1.95,0.2,1.01
1977 November,0.07,0.29,0.15,-0.67,0.13,-0.55,0.21,0.61,-0.24,0.02,0.09,0.43,0.35
1977 December,-0.48,1.06,1.48,1.51,1.16,-0.04,0.97,0.04,0.07,0.94,1.38,0.85,1.14
1978 January,-0.01,0.51,1.15,-0.53,1.62,-1.18,1.07,-0.98,0.11,1.96,1.43,0.52,0.89
1978 February,0.84,1.71,0.97,2.21,1.23,-1.26,1.05,0.23,-0.07,1.27,1.33,1.37,1.41
1978 March,0.36,0.03,-0.18,0.72,-0.13,-0.89,0.07,-0.2,-0.99,1.77,-0.13,0.15,0.06
1978 April,-0.17,0.61,0.32,1.39,0.7,-0.8,0.6,0.14,-0.24,0.83,0.8,0.54,0.71
1978 May,0.14,0.67,-0.94,0.48,0.54,-0.9,-1.04,0.38,0.32,-0.04,0.1,0.48,0.32
1978 June,-1.09,-0.71,-0.69,0.19,0.18,-0.86,-1.62,-0.16,0.44,-1.51,-0.59,-1.08,-0.93
1978 July,-1.13,0.29,-0.9,0.56,0.01,-0.53,-1.36,0.4,-0.04,-0.98,-0.64,-0.52,-0.65
1978 August,-0.37,0.53,0.0,0.02,-0.54,0.12,0.18,-0.5,-0.25,-0.59,-0.36,-0.23,-0.34
1978 September,0.34,1.58,1.24,1.35,-0.28,-0.37,1.46,0.47,0.28,-0.61,0.47,1.34,1.18
1978 October,-0.07,0.07,-1.3,-0.32,-0.3,-0.69,-1.13,0.41,0.79,0.52,-1.07,0.2,-0.28
1978 November,-0.93,0.67,-1.75,-0.89,-1.52,-0.61,-1.62,1.2,0.7,0.06,-1.94,0.19,-0.71
1978 December,-0.78,-0.55,-1.88,0.64,-0.18,0.57,-1.86,-0.29,0.58,-0.5,-1.16,-1.07,-1.23
1979 January,-0.75,1.6,-1.18,-0.2,0.47,-0.02,-0.84,-0.37,0.05,0.38,-0.33,0.21,0.04
1979 February,-0.56,0.05,0.7,1.36,-0.13,-1.01,0.34,-0.15,0.42,0.25,0.11,-0.02,0.02
1979 March,-0.58,-0.3,-0.44,-1.4,0.41,-0.8,-0.59,0.25,-0.07,0.41,-0.16,-0.18,-0.19
1979 April,-1.54,0.03,-0.02,-0.45,0.61,-0.98,-0.6,1.02,1.17,-0.14,0.09,0.04,0.07
1979 May,-0.87,-0.47,-0.71,-1.41,0.46,-0.85,-0.63,-0.13,0.35,-0.18,0.1,-0.63,-0.3
1979 June,-1.53,-0.34,-2.3,0.74,0.12,-0.65,-1.95,0.29,0.11,-0.65,-0.73,-0.96,-0.93
1979 July,-0.3,0.0,-0.05,0.43,-0.15,-0.8,-0.57,1.23,0.27,-0.77,-0.45,0.24,-0.09
1979 August,-0.81,0.36,-0.61,0.02,-0.21,0.05,-0.77,0.3,0.84,-0.52,-0.55,-0.17,-0.38
1979 September,0.03,-0.1,0.54,-0.8,0.41,-0.63,0.19,1.64,1.98,-0.33,0.24,1.0,0.82
1979 October,0.29,-0.14,1.02,-0.32,0.71,-0.31,0.04,-0.23,-0.5,-0.18,0.55,-0.01,0.22
1979 November,0.01,-0.71,-0.47,-1.1,0.48,-0.61,-0.9,-0.64,-0.01,-0.67,-0.38,-0.89,-0.82
1979 December,0.19,-0.85,0.55,-0.23,1.25,-0.32,0.45,0.17,0.05,0.25,0.96,-0.18,0.22
1980 January,-0.55,0.37,0.25,0.13,-0.09,-0.83,-0.05,1.54,0.53,1.13,-0.21,0.84,0.57
1980 February,0.15,-0.27,0.7,0.51,-0.47,-0.76,0.5,0.87,0.8,2.04,0.03,0.7,0.53
1980 March,-0.41,-0.94,-0.32,-1.07,-0.5,-0.7,-0.18,0.2,0.19,0.94,-0.56,-0.33,-0.44
1980 April,1.1,0.31,0.23,-0.73,-0.09,-1.16,0.49,1.1,-0.41,0.26,-0.05,0.83,0.59
1980 May,-0.67,0.68,-0.15,0.48,-0.22,-0.36,0.13,0.94,0.12,0.27,-0.19,0.63,0.25
1980 June,-1.63,-0.81,0.29,1.29,-0.69,-0.79,-1.17,0.17,-0.68,0.14,-1.06,-0.92,-1.06
1980 July,-0.71,-1.03,-1.02,0.3,0.31,-0.39,-1.3,-0.04,-0.31,-0.47,-0.39,-1.1,-0.87
1980 August,-1.06,-0.22,-0.72,0.26,0.82,-0.02,-1.17,-0.91,1.67,0.42,0.16,-0.87,-0.56
1980 September,-0.69,-1.45,-0.17,0.18,0.98,-0.9,-0.14,-1.29,-0.7,-0.29,0.54,-2.06,-1.15
1980 October,-0.09,-0.92,-0.82,0.69,1.11,0.08,-0.7,-1.49,-1.54,-0.49,0.56,-1.68,-1.27
1980 November,0.56,-1.18,-0.47,1.09,0.45,-0.43,-0.01,-0.59,-0.61,-0.8,0.26,-1.02,-0.64
1980 December,-0.42,-1.48,0.33,-0.23,0.13,-0.32,0.78,-0.4,-0.47,0.09,0.51,-1.06,-0.6
1981 January,1.29,-1.69,0.42,-0.37,-0.54,-1.0,0.96,-0.66,-0.34,0.77,0.18,-0.39,-0.24
1981 February,-0.33,-1.08,0.03,-2.52,0.74,-0.51,0.35,-0.46,0.14,-0.19,0.46,-0.67,-0.36
1981 March,0.4,0.14,-0.39,1.71,1.04,0.45,0.25,-0.44,-0.52,0.21,0.97,-0.09,0.29
1981 April,-0.54,-1.33,-0.19,0.82,0.16,-1.16,0.47,-0.6,0.07,0.3,0.23,-1.18,-0.77
1981 May,-0.5,0.57,0.24,0.69,-0.16,-0.58,1.1,0.33,0.65,1.07,0.1,0.62,0.4
1981 June,0.05,0.06,0.29,0.85,0.58,-0.94,0.07,-0.86,1.0,0.12,0.42,-0.07,0.15
1981 July,-1.35,-0.02,-0.86,1.82,0.28,-0.93,-0.65,0.66,1.0,0.33,-0.14,-0.19,-0.19
1981 August,-0.56,0.36,-0.27,1.2,0.77,-1.35,-0.3,0.54,0.87,-1.01,0.35,0.02,0.18
1981 September,0.3,1.05,-0.28,2.13,1.47,-1.16,0.22,-1.18,-0.49,-1.06,1.15,-0.22,0.46
1981 October,-0.97,-0.74,0.97,2.19,1.53,-1.46,0.73,-1.02,-0.29,-0.08,1.58,-1.22,-0.43
1981 November,0.74,0.26,1.02,0.94,0.98,-1.85,1.4,0.55,0.16,0.23,1.17,0.95,1.2
1981 December,0.37,0.16,0.88,-0.45,1.12,-1.49,1.04,-0.74,0.34,-0.1,1.09,0.21,0.56
1982 January,-1.55,-1.02,-0.17,0.95,-0.5,-1.29,-0.3,-0.68,0.15,-0.58,-0.65,-1.33,-1.24
1982 February,-1.6,-0.14,0.29,-0.06,-0.87,-0.78,0.37,0.19,0.54,-0.11,-0.29,-0.47,-0.43
1982 March,-1.33,-0.63,1.16,-0.09,-0.76,-0.41,1.06,0.4,0.78,1.43,-0.05,0.06,0.02
1982 April,-0.34,-1.56,1.58,1.53,-0.13,-0.51,1.11,-0.5,0.81,0.81,0.39,-0.83,-0.46
1982 May,-1.62,-0.34,-1.05,1.95,-0.31,-0.88,-0.29,-0.28,0.21,1.41,-0.39,-0.63,-0.57
1982 June,-1.87,2.52,0.91,2.82,-0.07,-0.58,0.04,0.71,-0.4,0.94,0.0,1.31,0.79
1982 July,-1.17,0.07,0.82,-0.2,-0.45,-0.33,1.23,-0.33,-0.83,0.62,0.17,-0.48,-0.21
1982 August,-1.43,-0.33,0.69,1.32,-0.83,-0.93,0.76,-0.65,-0.87,0.99,-0.45,-1.11,-1.03
1982 September,-0.62,-0.21,1.52,1.54,-0.49,-0.23,1.04,-0.69,-0.61,1.87,0.16,-0.04,0.06
1982 October,-0.81,1.6,2.09,1.44,-0.77,-1.11,1.44,0.74,0.59,2.23,0.1,1.78,1.64
1982 November,-0.32,-0.92,1.73,-0.81,-0.59,-1.32,1.23,0.85,0.94,3.37,0.14,0.77,0.63
1982 December,0.55,0.76,1.64,-0.67,0.54,-0.97,1.3,2.0,1.61,2.63,0.97,2.15,1.95
1983 January,1.44,1.08,2.67,-0.7,-0.14,-0.77,2.59,2.2,1.56,3.02,1.55,3.01,2.83
1983 February,1.57,2.36,2.89,0.89,1.22,-1.05,3.03,2.24,1.67,2.6,2.68,3.1,3.08
1983 March,0.78,2.52,3.11,0.89,1.31,-1.27,2.89,2.15,1.29,2.94,2.21,3.11,3.04
1983 April,-0.55,1.5,1.28,-0.02,0.47,-0.98,1.11,1.4,0.2,2.65,0.74,1.86,1.65
1983 May,0.06,0.89,1.85,0.9,1.83,-1.18,0.93,0.6,1.37,2.64,1.73,1.68,1.89
1983 June,0.08,0.87,1.7,0.85,1.25,-0.22,0.79,1.06,1.3,3.31,1.32,1.95,1.8
1983 July,0.68,1.75,3.03,2.33,-0.18,-0.64,1.86,1.18,1.61,3.3,0.69,3.02,2.2
1983 August,0.63,1.56,2.57,1.43,-0.5,-0.93,1.89,-0.01,0.98,3.44,0.39,2.67,2.15
1983 September,-0.24,1.26,1.52,0.96,-0.43,0.7,1.04,0.01,0.59,3.23,0.31,2.01,1.56
1983 October,-0.37,1.84,0.41,1.19,-0.95,-0.76,0.15,1.14,1.35,2.6,-0.78,2.21,1.65
1983 November,0.81,1.57,2.55,1.96,1.62,-0.79,2.56,1.0,0.77,1.45,2.41,2.56,2.92
1983 December,-1.93,0.98,-0.17,0.93,0.5,-0.46,-0.69,0.18,0.27,0.96,-0.14,-0.01,-0.06
1984 January,-0.78,0.94,-0.95,0.95,-0.67,-0.25,-0.92,1.27,1.01,0.35,-1.0,0.6,0.11
1984 February,0.57,0.95,0.36,-0.82,1.2,-0.99,0.59,0.24,0.23,-0.15,0.89,0.68,0.77
1984 March,1.06,1.39,0.37,0.23,0.64,-1.05,0.72,0.65,-0.27,0.56,0.68,1.19,1.1
1984 April,0.59,2.34,0.57,0.96,1.25,-0.89,0.74,1.59,-0.48,-0.23,1.28,2.19,2.1
1984 May,-0.21,0.47,1.38,0.69,0.43,-1.25,0.43,-0.08,0.25,0.75,0.36,0.52,0.49
1984 June,-0.13,1.04,0.19,0.19,0.77,-0.4,-0.5,0.58,0.88,1.25,0.38,1.14,0.87
1984 July,-0.45,0.43,-0.32,0.56,0.78,-0.94,0.23,0.65,0.73,2.05,0.56,0.79,0.78
1984 August,-0.08,1.66,0.73,0.73,0.59,-0.93,0.95,0.6,0.84,1.9,0.84,1.95,1.84
1984 September,-0.11,0.28,1.15,0.96,-0.08,-0.44,0.92,0.95,1.03,1.86,0.34,1.5,1.22
1984 October,-0.57,1.51,1.38,0.18,-1.08,-0.92,1.22,1.43,1.83,0.19,-0.32,1.81,1.49
1984 November,0.2,0.69,2.02,0.94,0.17,-0.79,1.47,1.17,1.1,0.13,0.88,1.5,1.48
1984 December,-1.11,0.27,-0.49,-0.23,-0.62,0.09,-0.96,1.44,1.62,0.23,-0.97,0.26,-0.16
1985 January,-0.11,0.41,-1.2,2.59,-0.02,0.27,-1.44,0.77,0.66,-0.23,-0.82,0.19,-0.13
1985 February,-1.23,-0.02,-1.51,-0.25,0.71,-0.92,-1.44,0.16,0.76,-0.87,-0.76,-0.72,-0.76
1985 March,-1.59,-0.54,-1.55,0.23,0.29,-0.83,-1.38,0.13,0.89,-1.27,-0.56,-0.86,-0.82
1985 April,-0.41,-0.17,-0.37,0.12,-0.35,-0.8,-0.35,-0.29,0.88,-0.1,-0.53,-0.28,-0.41
1985 May,-1.61,0.91,-0.24,0.48,0.31,-1.31,-0.41,0.74,0.28,-0.57,0.02,0.26,0.16
1985 June,-0.95,0.24,-0.18,-0.24,0.04,-0.58,-0.57,-0.1,0.44,1.12,-0.27,0.04,-0.1
1985 July,-1.57,0.81,-0.17,0.05,0.24,-1.25,-0.77,0.76,0.0,0.59,-0.33,0.13,-0.09
1985 August,-1.78,0.82,-0.76,0.02,0.71,-0.93,-1.74,2.58,0.49,-0.79,-0.38,0.38,0.1
1985 September,-1.91,0.44,0.52,-0.02,0.11,-0.92,-1.01,1.4,1.54,0.4,-0.53,0.01,-0.27
1985 October,-1.35,0.38,0.06,0.94,-0.33,-1.09,-0.11,2.5,1.24,0.16,-0.49,0.96,0.66
1985 November,-3.17,1.98,-1.25,-0.23,-0.14,-0.79,-2.04,1.44,1.08,-0.33,-1.37,0.18,-0.47
1985 December,-1.03,0.65,-1.55,0.35,-0.92,0.64,-2.13,0.14,0.84,-0.49,-1.77,-0.29,-0.87
1986 January,1.55,-0.61,0.74,-1.19,-0.27,-1.0,0.92,0.09,0.77,0.15,0.25,0.51,0.48
1986 February,-0.51,1.46,1.02,0.7,0.2,-0.85,0.49,1.06,1.18,1.14,0.38,1.13,0.95
1986 March,0.46,-0.8,0.72,-0.91,0.02,-1.27,0.59,-0.54,0.19,1.06,0.11,-0.16,-0.07
1986 April,-1.1,1.44,-0.51,-0.17,0.7,-0.92,-0.47,1.5,1.18,0.61,0.24,1.26,1.01
1986 May,-0.57,1.37,0.81,0.06,0.14,-1.38,0.39,1.95,1.54,0.42,0.07,1.83,1.06
1986 June,-1.02,-0.09,0.34,0.63,0.14,0.07,-0.01,1.67,0.87,-0.17,0.14,0.45,0.34
1986 July,-1.37,1.74,-0.29,1.32,0.84,-1.56,-0.43,0.62,-0.27,0.33,0.26,0.47,0.43
1986 August,-1.03,0.77,-0.19,0.26,1.43,-1.32,-0.81,0.25,-0.31,0.04,0.64,-0.04,0.27
1986 September,-2.16,-0.43,0.19,0.37,1.2,-1.39,-0.41,0.93,0.24,-0.09,0.51,-1.31,-0.63
1986 October,-1.49,0.89,-0.59,1.44,1.06,-1.25,-1.1,0.89,1.28,0.89,0.07,0.55,0.52
1986 November,-0.77,0.03,-0.6,-0.52,-0.43,-1.2,-0.88,1.39,1.42,0.68,-0.94,0.4,-0.12
1986 December,0.52,0.84,0.02,-1.11,-0.43,-1.55,-0.04,1.91,1.54,1.32,-0.54,1.61,1.0
1987 January,1.04,2.16,0.19,0.62,1.23,-1.58,0.42,1.68,0.56,0.03,0.76,2.0,1.79
1987 February,0.61,0.14,0.54,2.02,-0.4,-2.21,0.61,1.57,1.15,0.92,0.04,1.02,0.76
1987 March,-0.49,2.31,0.83,-0.09,0.51,-2.1,1.06,2.29,1.87,0.43,0.63,2.13,1.76
1987 April,0.62,1.65,-0.41,-0.73,0.12,-1.45,0.22,0.38,-1.46,-0.13,-0.04,1.13,0.81
1987 May,0.6,0.2,1.28,-0.15,-1.32,-1.45,1.53,0.43,-0.61,2.18,-0.93,0.93,0.01
1987 June,0.69,0.75,-0.81,0.41,-0.41,-1.65,-0.87,0.28,1.23,0.24,-0.84,0.86,0.11
1987 July,-0.82,1.67,1.2,0.81,-0.25,-1.87,0.25,1.45,1.75,0.86,-0.29,1.7,0.88
1987 August,-1.79,1.27,-0.4,0.96,-0.77,-1.7,-0.95,0.13,-0.29,0.88,-1.38,-0.03,-0.67
1987 September,-0.28,1.25,-0.61,0.37,-0.6,-1.87,-0.8,-0.31,-0.66,0.35,-1.11,0.24,-0.42
1987 October,-0.57,-0.25,-0.83,-0.57,-0.08,-1.88,-1.45,-0.92,-0.51,0.7,-1.3,-0.86,-1.33
1987 November,0.54,-0.34,-0.45,-0.23,-1.86,-1.55,-0.34,0.46,0.68,0.81,-1.49,0.35,-0.39
1987 December,0.63,1.55,0.21,2.24,0.01,-1.55,0.21,0.47,0.73,-0.02,0.07,1.35,1.03
1988 January,0.06,-0.38,-0.1,-0.37,-0.7,-1.47,-0.15,0.3,0.64,-0.71,-0.76,-0.14,-0.37
1988 February,-0.43,0.54,-1.56,-0.06,0.33,-1.19,-1.66,0.18,0.63,-0.19,-1.14,-0.13,-0.43
1988 March,-0.01,-0.79,-1.36,0.56,-1.46,-0.96,-1.17,-0.34,-0.16,0.01,-1.66,-0.71,-1.12
1988 April,0.18,1.58,0.02,1.53,0.31,-0.45,0.09,1.02,-0.23,0.68,0.32,1.47,1.2
1988 May,0.32,0.94,1.24,0.69,-0.95,-0.63,1.27,-0.2,-0.28,-0.23,-0.55,0.6,0.03
1988 June,-0.06,0.71,-0.19,1.72,-1.31,-1.51,-0.65,0.4,0.86,-1.26,-1.42,0.41,-0.43
1988 July,-0.52,-0.63,-0.83,0.05,-1.16,-0.86,-0.7,-0.12,0.81,0.18,-1.26,-0.51,-0.97
1988 August,-0.44,-0.03,-0.81,0.73,-0.5,-1.56,-0.83,-0.41,0.07,-0.22,-1.08,-0.59,-0.95
1988 September,-0.85,-0.86,-1.78,0.76,-1.16,-1.44,-1.62,0.97,0.94,-0.83,-1.81,-1.06,-1.7
1988 October,-0.99,-0.17,-1.08,-0.07,-0.06,-0.83,-1.36,0.12,-0.31,-0.96,-1.03,-0.86,-1.21
1988 November,0.49,-0.55,0.57,1.09,1.54,-0.9,0.53,0.07,-0.49,-1.54,1.14,-0.35,0.24
1988 December,-0.78,-0.37,-1.61,0.2,-1.1,-1.55,-1.84,-0.36,-0.31,-1.83,-1.98,-1.26,-1.66
1989 January,-1.37,0.18,-1.26,1.28,-1.21,-1.58,-1.48,0.53,1.25,-2.18,-1.89,-0.71,-1.2
1989 February,-3.41,-0.39,-1.82,0.13,-1.81,-0.58,-2.36,0.21,0.79,-1.75,-2.67,-1.78,-2.1
1989 March,-1.9,-0.42,0.56,-0.26,-2.21,-1.31,0.49,0.81,0.14,-0.19,-1.43,-0.22,-0.68
1989 April,-2.17,-0.6,0.13,-2.13,-1.53,-1.28,-0.27,0.0,0.19,0.44,-1.67,-0.84,-1.26
1989 May,-1.89,0.4,0.34,-0.99,-0.53,-0.9,0.1,-0.3,-0.13,0.63,-0.57,-0.32,-0.49
1989 June,-1.95,0.65,-0.25,-0.46,0.0,-1.58,-0.88,0.2,0.43,0.07,-0.55,-0.12,-0.34
1989 July,-1.39,0.79,0.05,-0.2,-0.68,-1.23,-0.39,0.96,0.63,0.15,-0.83,0.33,-0.23
1989 August,-1.67,1.19,-0.74,1.2,-1.18,-1.42,-0.89,1.13,1.5,0.02,-1.65,0.43,-0.46
1989 September,-1.53,0.71,-0.36,-0.41,-1.67,-1.01,-1.14,1.08,0.61,0.24,-1.98,-0.09,-1.12
1989 October,-1.42,0.17,-0.43,-0.57,-1.2,-1.53,-0.6,-0.17,0.5,-0.41,-1.67,-0.65,-1.29
1989 November,-1.17,-0.5,-1.1,0.36,0.08,-0.46,-0.79,-0.62,0.21,0.13,-0.45,-1.2,-1.07
1989 December,-0.79,-1.28,-1.6,0.93,-0.96,-1.55,-1.31,-1.28,-1.43,-0.21,-1.52,-1.89,-1.97
1990 January,-0.83,-0.4,-0.03,-0.2,0.35,-1.7,-0.03,-0.77,-0.29,-0.23,-0.11,-0.79,-0.65
1990 February,-1.36,-0.28,-0.25,0.13,-0.13,0.04,-0.45,0.03,1.02,-0.71,-0.37,-0.64,-0.58
1990 March,-1.45,-1.11,-0.95,-1.4,-0.29,-1.66,-0.89,1.26,1.81,-0.75,-0.89,-0.43,-0.63
1990 April,-2.37,-0.72,-0.17,-1.3,-0.52,-1.75,-0.35,0.71,1.72,0.94,-0.89,-0.58,-0.77
1990 May,-2.81,0.99,-0.01,0.27,-0.27,-1.83,-0.38,1.17,1.9,0.14,-0.54,0.54,0.01
1990 June,-1.29,0.15,1.36,0.19,-0.08,-2.16,0.63,0.56,0.57,0.29,-0.05,0.24,0.12
1990 July,-1.69,0.7,0.67,1.32,-0.41,-1.6,-0.13,1.02,1.25,0.77,-0.51,0.52,0.05
1990 August,-0.93,1.46,0.93,1.2,-0.7,-1.63,0.17,1.59,1.39,0.52,-0.76,1.55,0.79
1990 September,-0.76,0.77,0.32,0.18,-1.14,-1.8,-0.75,0.49,-0.28,0.43,-1.49,0.23,-0.63
1990 October,-1.07,0.33,-0.21,0.18,0.62,-0.27,-0.15,0.37,0.29,0.53,0.39,0.01,0.18
1990 November,-1.77,-0.23,-0.01,1.82,0.53,-0.02,0.28,0.98,1.58,0.18,0.57,-0.29,0.04
1990 December,-2.45,-0.05,-1.11,-0.09,0.52,-1.38,-1.11,0.61,1.17,-0.43,-0.57,-0.96,-0.93
1991 January,-3.05,1.56,-0.95,-0.04,0.79,-1.5,-1.46,2.19,1.89,-0.29,-0.82,0.44,0.05
1991 February,-0.4,0.34,0.41,0.13,0.22,0.65,0.62,0.35,0.81,0.46,0.63,0.3,0.41
1991 March,-2.46,2.02,0.41,1.54,1.55,0.25,0.13,1.23,1.11,0.63,1.22,1.11,1.24
1991 April,-1.57,0.32,-0.08,0.26,1.17,-0.15,-0.35,1.79,2.47,-0.86,0.81,0.49,0.67
1991 May,-2.2,0.67,-0.37,1.74,-0.46,0.14,-0.57,2.41,3.31,-0.93,-0.48,1.06,0.33
1991 June,-2.64,1.42,-1.14,2.38,-1.04,-1.91,-1.4,2.07,1.68,0.02,-1.51,0.89,-0.19
1991 July,-1.87,2.0,-0.61,2.33,-1.07,-0.53,-0.77,2.35,0.86,0.59,-1.1,1.29,0.21
1991 August,-0.44,0.54,1.4,1.2,-0.86,-1.77,0.88,1.72,0.59,0.17,-0.58,1.15,0.57
1991 September,-0.71,-0.05,-0.58,1.15,-1.29,-0.59,-1.13,2.33,1.55,0.51,-1.52,0.83,-0.24
1991 October,-2.06,0.98,-0.73,0.18,-0.76,-1.18,-1.15,1.59,1.3,1.57,-1.53,0.77,0.05
1991 November,-0.19,0.65,-0.58,0.06,-0.32,-1.08,-0.17,0.86,0.91,0.57,-0.42,0.74,0.36
1991 December,0.37,0.3,-0.31,0.93,-1.09,-1.21,-0.2,-0.19,1.64,1.08,-0.86,0.56,0.1
1992 January,1.83,1.77,0.97,1.6,-0.66,-1.29,1.31,1.41,2.01,2.04,0.42,2.7,2.2
1992 February,0.74,1.6,1.89,2.02,0.66,-2.08,2.19,1.65,2.39,2.92,1.72,2.31,2.22
1992 March,-0.29,0.73,0.66,1.05,-1.15,-1.72,0.65,0.04,1.06,4.19,-0.62,1.12,0.58
1992 April,-0.17,0.67,1.56,0.82,-1.16,-1.69,1.91,0.99,1.37,3.17,-0.3,1.52,0.99
1992 May,-2.0,1.09,0.54,-0.36,-0.49,-1.29,0.5,0.99,0.4,2.71,-0.46,1.05,0.33
1992 June,-1.74,1.85,0.26,1.29,-0.8,-1.65,-0.71,2.58,0.66,1.2,-1.06,1.85,0.61
1992 July,-1.69,2.54,0.82,1.57,-0.16,-1.6,-0.22,1.05,0.89,1.73,-0.37,1.56,0.76
1992 August,-1.29,0.8,0.02,0.96,-0.28,-1.63,-0.57,1.21,1.41,1.33,-0.76,0.8,0.23
1992 September,-1.19,0.22,0.0,-0.21,-0.2,-0.87,-0.26,1.46,1.25,0.58,-0.43,0.33,0.0
1992 October,-1.35,0.6,0.68,1.19,0.0,-1.95,0.65,1.86,1.99,1.97,0.11,1.34,1.25
1992 November,-0.45,0.59,-0.61,-0.67,0.53,-1.91,-0.41,0.93,1.08,0.99,-0.22,0.72,0.43
1992 December,-1.47,1.44,-0.09,-1.25,0.49,-1.83,-0.33,0.98,1.6,1.0,-0.22,0.82,0.53
1993 January,-1.93,1.63,0.54,-0.7,0.22,-1.76,0.18,2.64,2.22,2.36,-0.08,1.83,1.37
1993 February,-0.6,1.73,0.13,0.98,0.82,-2.28,0.08,2.13,2.41,1.95,0.26,1.58,1.24
1993 March,-0.54,0.77,0.17,0.72,-0.1,-2.42,0.33,0.29,0.91,1.53,-0.15,0.69,0.44
1993 April,0.23,2.11,1.76,0.68,1.53,-2.1,1.9,1.56,0.83,1.08,1.84,2.44,2.5
1993 May,-0.32,2.05,4.12,1.53,-0.04,-0.9,3.1,1.06,1.51,2.65,0.72,2.72,1.92
1993 June,-0.69,1.0,2.18,1.51,0.85,-2.01,0.24,0.59,2.16,2.19,0.6,1.59,1.25
1993 July,-2.25,2.67,0.36,2.33,0.72,-1.47,-1.01,0.63,0.84,1.85,-0.04,1.17,0.69
1993 August,-1.97,1.76,0.05,1.2,0.41,-1.7,-1.07,0.75,0.26,0.91,-0.4,0.6,0.25
1993 September,-2.54,1.56,-0.53,1.15,-0.09,-0.66,-1.75,0.37,0.1,0.61,-0.9,-0.63,-0.92
1993 October,-2.12,0.71,-0.42,0.44,0.38,-1.04,-1.51,1.58,1.07,1.51,-0.75,0.58,0.2
1993 November,-2.0,-0.19,-1.97,-0.23,-0.25,-1.55,-2.2,0.26,0.63,0.34,-1.63,-1.13,-1.54
1993 December,-0.14,1.93,-0.33,0.2,-0.17,-1.62,-0.29,1.23,0.85,0.21,-0.47,1.42,0.88
1994 January,-1.46,-0.08,-0.23,-0.7,-0.51,-1.87,-0.39,-0.21,0.86,0.28,-0.9,-0.48,-0.67
1994 February,-1.52,0.57,0.29,-0.06,-0.7,-2.35,0.17,1.04,1.4,0.18,-0.54,0.18,-0.02
1994 March,-1.55,1.13,-0.38,0.4,-0.49,-1.91,-0.27,0.74,0.95,0.46,-0.67,0.56,0.15
1994 April,-1.54,-0.19,-0.16,-0.02,-0.46,-1.45,0.02,0.79,1.97,-0.33,-0.57,-0.14,-0.32
1994 May,-1.3,1.55,0.3,1.95,0.1,-1.12,0.32,1.17,0.96,0.3,0.1,1.2,0.73
1994 June,-1.55,0.13,0.15,0.41,0.57,-2.59,-0.96,0.23,0.4,0.39,-0.21,-0.16,-0.2
1994 July,-1.96,0.74,-0.53,0.81,1.06,-1.74,-0.97,1.05,0.67,0.67,0.14,0.13,0.15
1994 August,-2.44,0.71,-0.18,1.43,-0.16,-1.07,-0.91,1.75,1.88,0.59,-0.69,0.19,-0.19
1994 September,-1.02,1.36,-0.25,1.35,0.08,-1.23,-0.67,1.71,0.77,0.18,-0.37,0.9,0.43
1994 October,-1.02,1.0,-0.14,1.94,-0.94,-1.25,-0.88,2.14,2.28,0.71,-1.45,1.54,0.77
1994 November,-1.5,-0.6,0.06,1.09,-0.82,-0.79,-0.56,0.79,1.52,-0.21,-0.84,-0.54,-0.76
1994 December,-0.35,1.26,1.09,-0.09,-0.89,-2.1,0.99,2.83,1.72,0.6,-0.17,1.88,1.34
1995 January,-0.7,0.93,2.03,-0.2,2.48,-2.04,1.5,0.82,0.63,1.99,2.09,1.35,1.75
1995 February,-1.56,-0.75,0.38,-0.44,-0.23,-1.94,-0.06,-0.25,0.04,1.18,-0.41,-0.62,-0.58
1995 March,-2.64,0.64,1.67,-1.89,1.19,-2.93,1.04,1.42,1.96,2.51,0.9,1.08,1.1
1995 April,-1.75,-0.19,0.13,0.82,-1.94,-1.39,0.12,1.96,2.86,0.36,-1.68,0.39,-0.37
1995 May,-3.25,1.88,0.35,0.9,-1.07,-1.62,-0.75,1.99,1.91,1.01,-1.3,1.45,0.1
1995 June,-2.52,0.3,0.09,0.74,-1.09,-2.45,-1.46,1.51,1.39,0.88,-1.7,0.37,-0.58
1995 July,-2.03,1.42,1.23,1.69,-1.23,-1.27,-0.67,2.14,1.18,1.14,-1.29,1.32,0.13
1995 August,-1.73,2.79,0.41,1.43,-1.06,-0.86,-0.39,5.25,4.47,1.71,-1.18,4.13,2.48
1995 September,-1.24,2.41,0.48,2.23,-1.88,-0.94,-0.49,4.48,2.79,0.64,-1.67,3.13,1.28
1995 October,-1.22,1.21,-0.43,1.44,-0.77,-1.32,-0.64,2.55,3.37,0.4,-1.19,1.8,1.11
1995 November,-1.46,1.1,0.18,0.36,0.87,-1.2,0.15,0.69,1.16,-0.22,0.44,0.43,0.51
1995 December,-0.69,1.12,1.37,2.38,0.33,-1.83,1.08,1.51,0.91,0.61,0.79,1.26,1.22
1996 January,-2.73,3.5,0.57,0.78,0.68,-1.58,0.39,1.03,0.47,-0.4,0.44,1.17,1.05
1996 February,-1.37,1.14,1.42,0.7,1.18,-1.4,0.71,0.5,0.66,1.04,0.98,0.58,0.72
1996 March,-4.44,0.67,-0.54,1.87,-0.27,-1.47,-0.54,0.15,0.69,0.62,-0.53,-0.48,-0.54
1996 April,-1.14,1.32,1.73,1.67,-0.11,-1.39,1.58,0.58,0.54,0.33,0.5,1.14,1.03
1996 May,-3.99,1.74,0.83,2.58,0.9,-1.51,0.43,0.61,0.44,1.28,0.8,0.46,0.7
1996 June,-2.88,1.72,-0.92,1.07,0.29,-1.8,-0.56,0.19,0.0,0.18,-0.15,0.03,-0.06
1996 July,-2.21,2.63,0.15,2.58,2.06,-1.8,-0.32,0.7,0.87,0.58,1.2,0.9,1.17
1996 August,-1.88,2.07,-0.36,1.43,0.7,-1.21,-0.6,1.96,1.86,0.83,0.18,1.52,1.2
1996 September,-1.69,7.12,-0.43,3.1,1.2,-2.08,-0.25,2.29,-0.07,0.58,0.63,3.73,2.93
1996 October,-2.01,2.98,0.16,3.2,0.28,-1.95,-0.13,2.26,3.82,0.55,-0.03,2.61,2.33
1996 November,-2.45,1.9,-0.58,1.09,0.78,-1.26,-0.83,1.37,2.2,-0.21,-0.13,0.72,0.47
1996 December,-1.29,3.45,1.3,0.64,1.38,-1.69,0.49,1.71,1.58,0.57,0.94,2.4,2.13
1997 January,-1.64,2.49,1.03,2.42,0.11,-1.52,0.35,1.23,2.18,0.9,0.19,1.66,1.34
1997 February,-1.17,1.75,-0.63,0.89,0.94,-2.35,-0.57,1.57,2.76,-0.18,-0.15,0.79,0.54
1997 March,-2.7,1.73,0.36,2.2,0.67,-1.66,0.42,1.28,2.38,0.61,0.57,1.07,0.97
1997 April,-2.36,1.98,0.22,2.8,0.95,-1.69,0.09,2.28,3.05,0.06,0.75,1.78,1.59
1997 May,-3.64,1.21,2.83,3.0,1.34,-1.73,2.15,1.06,1.51,2.9,1.63,1.19,1.56
1997 June,-1.31,3.08,3.42,1.72,0.83,-1.87,2.49,2.14,1.23,2.93,1.51,3.31,2.71
1997 July,-1.23,2.17,1.81,2.07,0.72,-1.74,1.29,2.16,1.33,2.07,0.93,2.32,1.9
1997 August,-1.63,2.22,3.43,1.67,0.52,-1.28,1.81,2.26,1.55,3.31,1.19,2.94,2.73
1997 September,-0.77,2.63,4.25,1.93,0.54,-0.23,2.39,2.17,1.22,2.37,1.57,3.55,3.3
1997 October,-1.5,1.93,3.48,3.2,0.22,-0.55,2.49,1.12,2.28,4.14,1.75,2.64,3.11
1997 November,0.0,1.97,2.4,1.52,0.14,-1.14,1.83,0.15,1.08,4.14,1.06,2.69,2.43
1997 December,0.79,1.8,0.98,2.24,-0.19,-1.01,1.02,0.5,0.46,3.96,0.53,2.32,1.92
1998 January,0.27,4.22,3.13,1.11,1.89,-1.81,3.4,1.74,1.18,3.33,3.19,4.03,4.18
1998 February,1.32,5.34,3.01,2.21,1.39,-2.01,2.97,3.56,2.59,2.89,2.67,4.67,4.24
1998 March,-2.22,2.23,0.38,1.38,2.06,-1.78,0.51,1.75,1.9,2.19,1.52,1.75,1.81
1998 April,-1.93,2.15,0.15,2.1,1.76,-1.1,-0.04,1.86,2.19,1.21,1.4,1.92,1.95
1998 May,-3.07,4.52,2.12,1.95,-0.41,-0.52,1.2,2.23,1.77,2.01,-0.04,3.42,1.89
1998 June,-4.34,2.88,0.82,1.94,0.39,-1.51,-1.17,0.65,1.55,1.77,-0.25,1.15,0.57
1998 July,-3.06,3.56,0.57,2.58,0.95,-1.2,-0.71,0.82,0.97,1.93,0.31,1.4,1.01
1998 August,-2.23,2.28,-0.61,1.43,-0.27,-2.06,-1.17,1.57,2.66,2.0,-1.09,1.64,0.69
1998 September,-2.05,3.41,-0.43,2.91,0.3,-1.44,-1.38,2.99,5.43,1.05,-0.46,2.96,1.81
1998 October,-2.55,0.85,-0.48,2.7,-0.85,-2.65,-1.08,0.81,3.32,-0.11,-1.7,0.14,-0.59
1998 November,-1.21,0.47,1.37,0.94,-1.57,-1.55,0.8,0.35,2.07,0.02,-0.6,0.44,0.06
1998 December,-1.79,1.03,-0.47,0.49,-2.16,-0.94,-1.09,1.18,1.34,-1.81,-2.03,-0.03,-0.77
1999 January,-2.51,1.23,0.16,-0.53,-2.1,-1.64,-0.24,1.62,1.79,-0.67,-1.64,0.42,-0.25
1999 February,-0.47,2.97,1.78,1.27,-0.51,-2.21,2.02,2.61,2.57,-0.8,0.94,2.07,1.81
1999 March,-1.61,0.96,1.34,1.38,-0.21,-2.23,1.6,1.25,2.4,0.09,0.44,1.01,0.88
1999 April,-3.19,1.39,-0.83,2.66,-0.75,-1.63,-0.97,1.91,2.1,0.12,-1.1,0.81,0.16
1999 May,-3.24,2.2,-0.51,1.11,-1.63,-1.56,-0.58,2.16,2.43,0.83,-1.73,1.63,-0.04
1999 June,-3.06,1.2,0.09,0.85,-1.46,-2.37,-0.05,1.48,1.76,0.76,-1.42,0.71,-0.25
1999 July,-3.4,2.7,0.05,2.58,-0.96,-1.4,0.55,1.96,2.25,0.52,-0.55,1.15,0.42
1999 August,-2.09,2.65,0.3,2.61,-1.44,-1.35,0.58,2.71,1.56,0.01,-1.08,1.96,0.93
1999 September,-1.95,3.27,-1.79,1.35,-0.69,-1.16,-1.83,4.99,1.44,-0.09,-1.46,2.42,0.9
1999 October,-2.33,0.74,-1.65,2.19,-0.74,-1.67,-1.91,2.01,1.91,-0.71,-1.96,0.22,-0.63
1999 November,-0.5,0.11,0.5,0.21,-0.76,-1.49,0.49,0.95,1.03,-0.71,-0.35,0.29,0.06
1999 December,-1.46,0.92,-0.73,0.79,-0.48,-1.14,-1.09,1.29,1.14,-1.73,-1.06,0.01,-0.38
2000 January,-2.57,0.24,-0.06,1.44,-0.38,-2.28,-0.51,0.83,1.29,-0.95,-0.86,-0.48,-0.67
2000 February,-1.16,-0.16,0.85,0.32,-1.7,-1.8,0.48,0.44,1.68,0.31,-0.76,0.0,-0.23
2000 March,-1.23,1.56,-0.9,1.05,0.0,-1.59,-0.6,1.28,2.11,-0.07,-0.43,0.97,0.53
2000 April,-2.38,1.05,-0.19,1.39,-0.43,-1.87,-0.35,1.47,1.46,0.04,-0.68,0.68,0.23
2000 May,-3.01,2.54,1.43,2.16,-0.15,-1.07,0.47,1.32,1.84,0.63,-0.06,1.66,0.89
2000 June,-3.41,1.45,0.24,1.51,-0.7,-1.8,-0.71,1.04,1.63,1.76,-0.99,0.74,-0.02
2000 July,-2.67,3.72,0.09,2.33,0.39,-1.6,-0.07,2.84,1.58,0.59,0.12,2.2,1.4
2000 August,-2.77,2.18,-0.95,1.67,0.17,-1.7,-0.94,2.46,1.69,0.06,-0.52,1.01,0.5
2000 September,-2.37,2.67,-0.72,1.35,-0.7,-1.23,-0.91,2.94,0.84,0.07,-1.07,1.07,0.18
2000 October,-2.06,0.73,-0.05,1.69,-1.35,-2.09,-0.5,1.44,1.85,-0.12,-1.71,0.42,-0.35
2000 November,-1.99,1.4,-1.63,1.82,-1.03,-1.67,-1.76,1.51,1.74,-0.65,-1.73,0.31,-0.53
2000 December,-1.77,-0.15,-1.08,1.51,-2.41,-1.62,-1.61,0.3,0.78,-1.24,-2.53,-1.01,-1.68
2001 January,-0.13,1.64,-0.67,1.6,-1.17,-1.93,-0.6,-0.44,0.52,-0.65,-1.3,0.36,-0.17
2001 February,-2.23,0.18,-1.12,1.65,-1.93,-2.35,-1.34,-0.36,1.38,-0.45,-2.17,-0.94,-1.33
2001 March,-2.57,1.49,-1.21,1.54,-1.04,-1.98,-1.02,0.81,1.33,0.34,-1.37,0.43,-0.2
2001 April,-2.97,0.69,-0.67,1.25,-0.83,-2.16,-0.87,0.54,2.39,-0.87,-1.28,-0.09,-0.56
2001 May,-2.73,1.84,-1.23,1.74,-1.28,-1.23,-1.11,1.22,1.61,1.48,-1.5,1.07,-0.23
2001 June,-3.72,1.29,-1.44,1.51,-1.41,-2.37,-1.71,0.04,1.04,0.48,-2.02,-0.38,-1.19
2001 July,-3.04,2.61,-1.46,2.58,-1.39,-1.47,-1.29,2.09,1.74,0.27,-1.67,0.95,-0.3
2001 August,-1.9,1.61,-0.11,2.14,-2.1,-1.28,0.25,1.59,2.51,-0.2,-1.83,0.97,-0.15
2001 September,-1.09,3.48,-0.88,1.54,-1.71,-1.87,-0.57,2.31,1.62,0.07,-1.77,2.26,0.63
2001 October,-2.07,0.95,-1.17,1.94,-1.39,-1.18,-1.04,1.14,2.6,-0.13,-1.91,0.35,-0.49
2001 November,-0.99,0.43,0.52,0.5,-1.22,-2.26,0.65,1.53,2.38,0.02,-0.61,0.81,0.33
2001 December,-1.25,1.36,0.55,1.08,-1.05,-1.42,0.34,1.86,2.09,-0.52,-0.51,1.05,0.59
2002 January,-1.53,0.5,0.19,1.6,-0.85,-1.47,0.19,-0.05,1.26,-0.6,-0.5,-0.22,-0.34
2002 February,-1.5,1.67,-0.5,2.4,-0.54,-2.49,-0.74,0.8,1.85,-0.45,-1.0,0.35,-0.04
2002 March,-5.26,-0.6,-0.91,0.07,-1.06,-2.1,-0.95,0.35,2.38,-0.39,-1.43,-1.18,-1.37
2002 April,-5.47,0.1,-0.69,0.82,-0.52,-1.69,-1.06,1.6,2.41,-0.28,-1.07,-0.71,-0.93
2002 May,-5.89,0.28,-1.27,1.74,-0.41,-1.62,-1.19,1.2,2.48,-0.53,-0.81,-0.91,-0.95
2002 June,-3.69,1.36,-0.57,1.07,0.6,-2.73,-0.34,2.29,2.91,-0.09,0.07,0.87,0.56
2002 July,-2.96,2.07,-0.07,2.07,0.25,-2.0,-0.13,1.65,2.64,0.59,-0.06,0.98,0.57
2002 August,-2.43,1.77,-0.72,2.37,-1.03,-1.42,-1.09,3.08,3.78,-0.01,-1.55,1.53,0.39
2002 September,-2.15,3.37,-0.25,2.71,-1.63,-1.09,-0.46,4.12,4.83,0.6,-1.46,3.1,1.38
2002 October,-3.03,2.55,-1.96,2.19,-2.44,-1.6,-2.29,2.65,3.2,0.13,-3.6,1.6,-0.09
2002 November,-0.6,0.44,0.06,1.38,-1.54,-1.32,-0.01,0.51,1.49,1.17,-1.0,0.63,0.03
2002 December,0.49,1.2,1.91,2.38,-2.68,-1.35,1.96,0.7,1.22,1.9,-0.36,1.87,1.26
2003 January,0.0,1.13,0.74,2.26,-2.6,-0.77,1.13,0.03,0.98,0.6,-0.68,0.91,0.46
2003 February,-2.08,-0.6,-0.52,0.7,-3.09,-2.35,-0.9,0.45,2.3,1.1,-2.51,-0.53,-1.13
2003 March,-3.01,1.53,0.57,0.72,-2.03,-1.53,0.76,2.04,2.47,-0.73,-1.16,1.02,0.3
2003 April,-2.35,1.41,1.83,0.4,-2.12,-1.81,1.98,2.71,1.46,0.73,-1.11,1.71,0.82
2003 May,-3.63,2.57,0.26,1.74,-1.3,-1.78,-0.19,1.85,1.48,0.25,-1.34,1.45,0.07
2003 June,-3.82,3.09,-0.64,1.94,-1.03,-2.45,-1.33,1.78,1.29,0.78,-1.56,1.46,0.14
2003 July,-3.02,2.82,-0.33,2.07,-1.21,-1.87,-0.81,1.61,2.95,0.77,-1.4,1.35,0.09
2003 August,-2.3,1.98,1.03,2.37,0.27,-2.06,-0.01,1.67,2.49,1.4,-0.01,1.53,1.12
2003 September,-1.79,5.2,-0.57,1.15,-1.51,-1.3,-0.59,4.01,3.42,0.35,-1.55,3.89,1.87
2003 October,-1.9,1.59,1.17,1.44,-0.8,-1.6,1.2,2.03,3.25,1.83,-0.15,2.01,1.74
2003 November,-2.68,1.01,-0.27,1.38,0.71,-1.26,-0.61,1.91,2.4,0.2,-0.03,0.46,0.32
2003 December,-0.26,1.52,1.24,1.66,2.33,-1.76,1.26,1.5,1.57,1.0,2.03,1.75,2.05
2004 January,-1.92,0.55,0.86,3.57,0.54,-2.1,0.8,1.38,2.59,0.83,0.72,0.72,0.8
2004 February,-0.82,0.64,0.52,2.97,-0.96,-2.28,0.39,1.42,2.65,0.29,-0.38,0.71,0.41
2004 March,-3.18,1.16,-0.7,0.23,-0.34,-2.17,-0.45,0.79,2.45,1.07,-0.7,0.45,0.07
2004 April,-2.68,0.6,-0.15,1.11,-0.5,-2.05,-0.09,0.64,1.57,0.46,-0.66,0.13,-0.16
2004 May,-4.66,1.2,0.92,1.53,-0.48,-1.67,0.59,0.78,2.7,1.52,-0.41,0.45,0.03
2004 June,-4.18,1.97,0.32,2.6,-0.32,-2.3,-0.96,1.39,2.19,1.38,-0.81,0.97,0.2
2004 July,-2.88,3.18,0.6,-0.2,0.16,-2.34,-0.45,1.79,2.14,0.63,-0.4,1.61,0.78
2004 August,-3.03,2.13,1.02,-0.21,-0.02,-1.99,0.07,1.64,2.36,0.49,-0.35,0.99,0.57
2004 September,-2.3,4.24,1.22,-1.19,0.5,-2.3,0.93,2.88,2.69,1.24,0.35,3.02,2.28
2004 October,-2.73,3.85,0.93,-0.82,-0.33,-2.09,0.39,2.27,1.7,1.35,-0.45,2.83,2.35
2004 November,-2.24,1.72,-1.21,-1.69,-1.58,-1.73,-1.02,1.83,2.24,0.38,-1.83,0.86,-0.17
2004 December,-2.2,1.98,-0.37,-0.81,-1.54,-2.52,-0.3,0.44,1.62,1.25,-1.45,0.66,-0.05
2005 January,-3.15,3.37,0.64,1.11,-0.92,-2.45,0.73,2.19,3.05,1.89,-0.35,2.11,1.49
2005 February,-2.02,2.88,-0.63,0.13,-0.54,-3.51,-0.36,2.97,4.39,1.53,-0.96,1.73,1.0
2005 March,-2.51,2.54,0.33,2.69,-0.49,-2.04,0.87,0.97,2.1,1.1,-0.03,1.4,0.99
2005 April,-2.42,2.64,0.97,1.53,0.9,-1.45,1.63,2.54,1.34,1.27,1.34,2.39,2.26
2005 May,-2.68,4.89,3.34,2.37,-0.03,-1.89,3.0,2.49,1.76,2.32,0.62,4.06,2.61
2005 June,-4.1,3.45,0.72,2.38,-0.32,-2.81,-0.38,3.02,2.86,0.69,-0.64,2.48,1.19
2005 July,-2.45,4.85,0.77,2.07,-1.17,-1.74,0.19,3.38,3.33,1.54,-0.91,3.65,1.74
2005 August,-2.38,3.14,0.14,1.43,-1.7,-1.56,-0.27,3.47,2.35,1.3,-1.81,2.81,1.21
2005 September,-2.16,3.24,-1.36,-0.41,-1.32,-0.8,-1.48,4.18,3.01,-0.08,-1.83,2.29,0.61
2005 October,-1.2,3.14,0.68,-1.07,0.97,-1.88,0.88,2.12,2.51,0.29,0.97,2.86,2.97
2005 November,-1.19,1.13,-0.62,-0.67,-0.39,-1.44,-0.47,0.47,0.63,-0.21,-0.72,0.25,-0.13
2005 December,-0.28,1.23,0.13,1.37,-0.01,-1.49,0.34,0.58,0.96,0.28,0.11,0.91,0.71
2006 January,-0.44,2.83,1.77,1.6,0.98,-1.81,2.14,0.98,0.33,-0.06,1.83,1.89,2.07
2006 February,-2.33,1.64,-0.73,2.78,0.78,-1.4,-0.88,0.73,1.39,-0.26,-0.26,-0.01,-0.09
2006 March,-3.58,1.15,1.34,2.36,0.18,-1.72,1.5,1.07,2.14,0.58,0.77,0.68,0.77
2006 April,-1.62,1.27,1.98,1.39,0.07,-1.51,2.07,1.45,1.45,2.64,0.83,1.69,1.56
2006 May,-3.75,3.99,0.86,2.16,-0.4,-1.34,0.49,2.2,0.98,2.61,-0.31,2.74,1.37
2006 June,-3.53,2.9,0.65,1.29,-0.63,-2.45,-0.46,1.3,1.04,1.73,-0.92,1.56,0.51
2006 July,-3.3,3.02,0.57,-1.47,-0.54,-1.74,-0.29,0.89,1.96,2.45,-0.79,1.36,0.41
2006 August,-2.22,3.19,0.22,1.43,-0.52,-1.56,-0.71,1.89,2.09,1.64,-0.99,2.33,1.25
2006 September,-2.35,6.08,-0.54,-0.21,-0.77,-1.94,-1.27,3.22,1.21,0.91,-1.49,3.43,1.58
2006 October,-3.51,2.72,-1.2,3.7,1.61,-0.62,-2.11,1.44,2.29,1.53,0.15,1.22,1.16
2006 November,-2.84,2.65,1.38,0.79,2.12,-1.73,0.94,1.15,1.2,0.73,1.57,1.38,1.69
2006 December,-0.47,0.86,0.26,-1.25,1.34,-1.49,0.26,1.18,1.49,0.31,0.68,0.9,0.92
2007 January,-2.61,1.54,-1.0,-1.19,0.24,-1.7,-1.03,1.3,2.36,-0.28,-0.92,0.31,-0.08
2007 February,-2.29,-0.85,0.04,3.73,-0.71,-1.4,0.25,0.46,1.72,-0.49,-0.21,-0.91,-0.74
2007 March,-3.93,-0.35,-0.92,1.05,-0.27,-2.68,-0.18,0.47,2.11,-1.11,-0.53,-0.89,-0.83
2007 April,-2.71,1.6,-0.02,1.53,0.02,-2.22,0.65,1.34,2.88,-0.26,0.09,1.06,0.81
2007 May,-4.64,1.11,-0.98,1.53,-1.03,-1.67,-0.29,2.74,3.19,0.0,-1.12,0.8,-0.17
2007 June,-4.31,3.44,-0.4,2.16,-0.6,-2.01,0.22,2.63,2.58,0.08,-0.54,1.95,0.92
2007 July,-2.68,3.3,1.17,2.33,-0.89,-1.8,1.01,2.73,3.32,1.06,-0.35,2.52,1.35
2007 August,-3.03,2.96,0.54,3.08,-1.49,-1.7,0.58,2.58,4.05,0.82,-1.15,2.18,1.06
2007 September,-2.87,2.21,-0.74,2.32,-2.16,-1.66,-0.62,2.85,3.01,-0.02,-2.05,0.82,-0.53
2007 October,-2.14,2.5,0.47,3.7,-1.55,-1.95,0.77,2.33,3.55,-0.75,-0.99,2.07,1.43
2007 November,-2.18,1.05,-1.35,0.5,-2.12,-1.91,-0.98,1.04,1.77,-0.66,-2.02,-0.1,-0.95
2007 December,-2.11,1.28,-0.01,1.08,-1.79,-2.65,-0.06,1.21,1.69,-1.03,-1.35,0.24,-0.32
2008 January,-2.43,1.91,0.45,0.95,0.04,-1.93,0.53,0.8,3.13,0.03,0.13,0.82,0.67
2008 February,-1.84,1.27,-0.46,1.46,-0.1,-2.62,-0.48,0.58,2.42,-0.34,-0.64,0.08,-0.13
2008 March,-3.35,1.44,-1.37,1.22,-0.21,-2.42,-1.14,0.3,1.56,-1.38,-0.93,-0.2,-0.48
2008 April,-4.74,1.57,-0.92,1.74,0.59,-1.87,-1.18,2.38,2.42,-0.75,-0.18,0.59,0.36
2008 May,-4.93,4.91,-0.64,2.16,0.26,-1.51,-0.21,2.33,2.48,0.99,0.06,2.69,1.54
2008 June,-4.53,2.68,-0.39,2.82,0.7,-2.52,-0.94,0.87,2.15,1.51,0.0,0.95,0.57
2008 July,-2.65,2.96,1.01,2.83,1.03,-2.27,0.25,2.83,3.42,2.42,0.66,2.69,1.98
2008 August,-1.75,2.82,2.08,2.84,2.55,-1.92,1.56,3.72,1.86,2.75,2.79,3.58,3.95
2008 September,-2.56,4.26,-0.53,1.54,-0.12,-2.44,-0.96,5.76,4.09,1.19,-0.84,4.0,2.33
2008 October,-2.44,2.38,-1.19,2.44,-0.87,-2.16,-1.36,2.31,3.25,0.29,-1.81,1.75,0.8
2008 November,-1.86,1.49,-0.26,1.09,-0.28,-1.49,-0.22,1.45,1.95,0.18,-0.43,0.87,0.45
2008 December,-3.34,0.55,-0.72,1.8,-0.58,-1.62,-1.07,0.41,1.47,0.11,-1.11,-0.84,-1.03
2009 January,-3.28,1.46,-1.21,2.18,0.09,-1.7,-1.64,-0.04,1.16,-0.81,-1.24,-0.67,-0.94
2009 February,-3.21,1.5,-0.51,3.16,0.81,-2.49,-0.75,-0.13,2.23,0.11,-0.26,-0.43,-0.4
2009 March,-4.61,1.66,-0.5,1.87,0.36,-2.42,-0.42,1.41,2.18,0.14,-0.16,0.46,0.27
2009 April,-5.54,1.36,-1.13,1.95,0.7,-2.16,-1.55,1.84,1.82,-0.29,-0.27,0.06,-0.06
2009 May,-6.3,2.05,0.34,2.79,-0.48,-1.89,-0.21,1.9,2.18,1.39,-0.61,0.74,0.08
2009 June,-4.8,5.66,1.21,3.48,0.36,-2.01,0.05,3.31,1.91,2.22,0.21,3.77,2.38
2009 July,-4.89,6.34,0.13,3.34,1.54,-1.53,-0.73,3.14,2.32,1.14,0.7,2.87,2.12
2009 August,-2.99,3.07,0.53,2.84,0.53,-1.7,-0.06,2.79,3.46,1.05,0.28,2.32,1.84
2009 September,-1.71,5.67,0.59,2.13,-0.9,-2.16,0.51,6.43,3.11,0.92,-0.68,5.54,3.48
2009 October,-3.22,4.01,0.59,4.2,-0.3,-1.53,-0.03,2.64,3.07,2.24,-0.33,3.18,2.71
2009 November,-0.89,3.56,0.65,0.5,-0.84,-1.44,0.94,3.72,3.36,0.57,-0.11,3.8,2.72
2009 December,-2.81,2.69,-0.27,2.53,-0.34,-1.01,-0.47,3.83,3.29,2.21,-0.47,2.17,1.44
2010 January,-0.45,3.83,2.46,3.41,0.4,-1.81,3.1,2.03,2.32,2.14,2.28,3.48,3.44
2010 February,-0.95,3.82,1.0,5.24,0.42,-2.55,1.23,2.19,3.18,1.69,1.01,2.45,2.11
2010 March,-1.26,5.43,0.42,2.69,0.53,-1.53,1.21,1.73,1.12,0.47,0.9,3.05,2.51
2010 April,-2.36,2.44,1.72,2.52,-1.32,-1.28,2.18,1.5,2.17,2.15,-0.17,2.28,1.6
2010 May,-5.28,3.19,0.54,4.26,-2.08,-1.73,0.03,1.71,2.37,-0.12,-1.88,1.35,-0.28
2010 June,-4.48,4.06,0.38,4.13,-1.81,-2.66,-1.15,2.15,2.69,0.29,-2.05,2.21,0.36
2010 July,-4.86,4.58,-0.86,3.84,-1.36,-1.94,-1.41,3.29,5.55,0.05,-1.72,2.3,0.5
2010 August,-4.24,4.54,-0.36,3.08,-1.4,-0.93,-0.96,4.13,3.8,-0.2,-1.68,2.78,1.25
2010 September,-3.53,5.79,-0.08,3.89,-0.34,-0.8,-0.07,4.41,4.87,-0.51,-0.18,3.22,2.13
2010 October,-2.38,3.08,0.18,5.46,0.69,-0.69,0.43,1.55,1.67,-0.32,0.98,1.77,2.0
2010 November,-2.4,2.95,-0.2,1.82,0.14,-1.85,-0.36,1.79,1.74,-0.5,-0.28,1.48,0.96
2010 December,-2.12,3.04,1.67,3.69,1.95,-1.62,1.63,0.36,1.18,0.81,2.18,1.52,1.93
2011 January,-3.28,3.19,-0.35,3.57,0.73,-1.81,-0.48,0.57,1.84,-0.04,-0.01,0.73,0.55
2011 February,-3.11,2.12,-0.47,4.3,-0.57,-1.8,-0.54,0.64,1.17,-0.21,-0.71,-0.08,-0.27
2011 March,-3.74,2.71,2.19,1.87,0.28,-3.06,2.32,1.44,2.27,0.66,1.06,1.64,1.56
2011 April,-3.71,2.09,1.06,2.1,-0.14,-2.28,0.78,1.41,2.29,1.35,0.03,1.48,1.1
2011 May,-5.23,5.71,1.56,2.58,1.35,-2.38,1.25,1.8,2.47,1.83,1.3,3.26,2.54
2011 June,-5.71,5.24,1.52,3.69,1.21,-2.73,0.47,2.22,2.25,1.77,0.98,2.85,2.19
2011 July,-3.92,6.31,1.2,4.86,0.66,-2.0,1.25,3.72,2.99,2.07,0.93,3.97,2.91
2011 August,-3.11,5.11,0.08,3.08,0.63,-1.49,0.12,4.18,2.51,0.75,0.5,3.88,3.09
2011 September,-1.86,7.42,0.2,2.32,0.55,-1.94,0.69,3.36,0.89,0.14,0.55,4.35,3.31
2011 October,-2.71,4.02,0.28,4.96,0.39,-1.53,0.21,1.48,1.44,0.14,0.43,2.24,2.19
2011 November,-2.67,1.98,-0.07,1.23,-1.48,-1.61,-0.04,1.73,1.57,-0.25,-1.03,0.82,0.15
2011 December,-3.07,2.35,-2.3,0.64,-0.69,-2.52,-2.28,2.18,2.59,-0.66,-2.11,0.45,-0.44
2012 January,-2.59,2.32,0.03,1.11,-0.86,-2.28,0.27,1.02,1.58,-0.28,-0.61,0.71,0.33
2012 February,-1.99,1.85,-0.63,2.97,-0.28,-2.62,-0.5,1.92,3.04,-0.49,-0.69,0.62,0.26
2012 March,-3.23,2.17,1.37,1.71,1.0,-2.42,1.51,1.68,2.97,0.28,1.23,1.47,1.5
2012 April,-3.07,2.05,2.21,2.66,-0.89,-1.99,2.19,3.01,3.0,1.19,0.11,2.33,1.74
2012 May,-4.27,3.3,0.63,1.95,-1.21,-1.56,0.37,3.18,2.16,1.45,-1.08,2.59,0.85
2012 June,-4.2,5.6,1.33,2.82,-0.75,-2.01,1.07,5.38,3.49,2.16,-0.3,5.0,2.88
2012 July,-4.32,5.67,1.28,3.84,-1.52,-1.67,1.03,3.99,3.61,1.05,-0.73,3.51,1.76
2012 August,-3.72,4.14,0.88,3.08,-1.58,-1.77,0.32,4.66,3.64,2.0,-1.37,3.66,2.04
2012 September,-2.93,3.75,-0.69,1.93,-1.92,-1.51,-1.33,2.91,2.22,1.07,-2.19,1.86,0.12
2012 October,-4.96,3.89,0.77,3.45,-0.72,-1.95,-0.05,2.13,1.54,1.7,-0.81,1.86,1.33
2012 November,-2.69,2.52,1.15,1.09,-1.74,-2.03,0.8,3.23,1.95,0.76,-0.76,2.18,1.26
2012 December,-2.3,3.61,2.01,2.24,-1.03,-1.69,1.59,3.1,2.07,1.37,0.32,2.82,2.21
2013 January,-3.67,2.21,-1.1,1.93,-1.57,-1.81,-1.26,2.38,2.25,-0.69,-1.94,0.53,-0.26
2013 February,-2.54,2.07,-1.57,3.16,-0.08,-2.49,-1.5,2.1,2.85,-0.82,-1.26,0.34,-0.12
2013 March,-6.47,4.13,-1.35,3.18,0.12,-2.42,-1.13,1.85,2.0,-0.17,-0.61,1.15,0.6
2013 April,-5.61,1.47,-0.55,1.67,-0.75,-2.05,-0.57,2.62,3.13,0.79,-1.04,0.72,0.12
2013 May,-6.7,2.1,-0.05,1.32,-0.05,-2.22,0.37,2.43,2.18,1.27,-0.16,0.81,0.36
2013 June,-6.11,3.6,0.58,3.26,0.78,-3.45,-0.28,2.54,2.1,1.42,0.24,1.74,1.17
2013 July,-5.5,5.42,0.01,4.1,0.01,-2.0,-0.69,4.22,3.34,1.5,-0.41,2.86,1.53
2013 August,-3.48,4.18,0.9,4.25,-0.53,-1.85,0.3,4.45,3.6,0.55,-0.42,3.42,2.32
2013 September,-2.16,5.14,2.89,2.32,-0.23,-1.8,1.98,4.42,3.58,0.89,0.57,4.58,3.48
2013 October,-4.12,3.71,-0.49,3.57,-1.17,-1.53,-1.45,3.21,3.3,1.23,-1.95,2.54,1.45
2013 November,-4.08,0.62,-1.13,0.84,-0.73,-1.79,-1.7,2.34,3.44,0.61,-1.6,-0.17,-0.82
2013 December,-4.3,1.75,-2.32,1.66,-0.5,-2.31,-2.68,2.69,2.24,0.19,-2.17,-0.11,-0.88
2014 January,-3.32,2.09,-1.06,1.28,-0.73,-1.35,-1.26,1.91,1.79,0.68,-1.43,0.65,0.0
2014 February,-3.01,1.36,-0.12,1.65,-0.69,-2.55,-0.38,2.73,2.47,0.19,-0.86,0.46,0.08
2014 March,-4.77,1.79,0.62,1.87,-1.18,-2.68,0.36,2.25,2.23,1.29,-0.86,1.13,0.5
2014 April,-3.45,1.94,1.32,1.39,0.16,-2.76,1.4,3.52,2.54,2.35,0.44,2.28,1.84
2014 May,-5.64,4.22,2.76,2.37,0.71,-2.16,2.32,3.13,2.23,3.24,1.05,3.28,2.42
2014 June,-5.16,4.19,0.5,2.6,0.74,-2.66,-0.34,3.0,2.84,3.09,0.25,2.94,1.89
2014 July,-3.97,4.55,1.79,3.09,-0.13,-1.74,0.51,3.4,2.08,3.0,0.01,3.12,1.91
2014 August,-3.02,4.51,1.13,2.84,0.09,-2.55,0.14,4.81,2.95,2.2,-0.16,4.33,3.12
2014 September,-2.88,5.49,2.69,2.71,-0.31,-2.3,1.51,5.39,3.61,2.75,0.23,5.28,3.79
2014 October,-1.88,4.06,3.77,3.7,0.8,-1.25,3.36,2.56,2.49,3.96,2.67,4.46,5.13
2014 November,-2.69,1.46,0.51,0.6,-0.3,-1.2,0.4,2.02,2.26,1.46,-0.08,1.16,0.81
2014 December,-1.38,2.99,1.94,1.08,-0.13,-2.65,1.96,4.24,3.09,3.34,0.88,3.6,3.0
2015 January,-2.68,1.41,0.06,1.6,-1.07,-2.45,0.19,2.82,2.29,1.45,-0.78,1.29,0.71
2015 February,-2.53,1.27,0.48,3.35,-0.02,-3.37,0.58,2.59,2.85,1.37,0.13,0.87,0.69
2015 March,-4.46,0.3,-0.02,2.69,-1.8,-2.55,0.51,1.53,2.01,1.83,-1.16,0.23,-0.26
2015 April,-2.67,1.07,0.3,1.67,-1.19,-2.34,1.27,2.89,2.92,2.25,-0.65,1.57,0.89
2015 May,-6.36,0.6,0.89,2.79,-1.42,-2.66,0.93,2.85,3.77,3.37,-1.22,1.01,-0.11
2015 June,-5.4,3.14,0.59,1.51,-0.66,-2.81,-0.55,2.24,3.09,3.64,-1.01,2.13,0.81
2015 July,-3.76,6.18,2.85,3.09,0.11,-2.0,0.59,3.92,2.79,4.06,0.18,4.7,2.96
2015 August,-3.43,3.89,2.36,2.37,0.23,-2.23,0.66,4.71,3.75,3.05,0.25,4.14,3.17
2015 September,-2.64,5.79,2.83,1.93,-0.18,-2.3,1.88,4.8,3.39,3.93,0.45,5.75,4.23
2015 October,-2.63,3.68,2.46,3.7,-0.89,-1.95,1.91,4.95,4.45,5.18,0.24,5.24,4.8
2015 November,-2.84,1.62,0.23,0.36,-1.0,-1.73,-0.34,3.92,4.21,2.52,-0.99,2.29,1.24
2015 December,-1.11,2.84,2.64,1.08,0.0,-2.27,2.39,5.19,4.23,3.11,1.28,4.13,3.54
2016 January,-0.61,3.86,1.92,2.92,0.03,-1.99,2.01,4.49,4.09,1.82,1.26,4.3,3.72
2016 February,-1.03,2.7,0.71,2.21,0.45,-2.89,0.92,3.15,2.8,1.27,0.63,2.1,1.74
2016 March,-1.84,2.59,2.46,2.03,1.2,-3.0,2.9,2.53,3.62,2.31,1.99,2.78,2.72
2016 April,-3.33,2.0,0.54,1.95,0.27,-2.64,0.83,4.26,4.9,1.28,0.34,2.55,1.99
2016 May,-6.46,3.4,0.19,3.21,-0.12,-2.33,-0.07,3.9,4.71,1.93,-0.3,2.73,1.36
2016 June,-5.16,3.59,0.15,3.04,0.15,-3.38,-1.11,4.25,3.88,2.06,-0.59,3.04,1.56
2016 July,-4.54,4.92,0.02,4.1,-0.5,-2.27,-0.61,3.68,3.79,1.82,-0.78,2.96,1.4
2016 August,-4.39,3.24,0.58,3.08,-0.8,-1.92,-0.76,4.57,5.15,2.33,-1.24,2.91,1.56
2016 September,-3.65,7.14,-0.1,2.52,-0.98,-2.3,-0.59,5.14,4.83,1.18,-1.24,4.74,2.63
2016 October,-3.79,3.5,3.99,3.95,-0.5,-2.65,2.67,4.07,4.66,1.66,0.92,3.87,3.86
2016 November,-1.21,1.89,2.57,2.11,-0.91,-2.26,2.58,3.74,4.36,1.41,0.76,3.35,2.78
2016 December,-3.54,1.85,-0.29,2.68,-0.47,-1.9,-0.61,3.33,4.33,0.73,-0.74,1.15,0.59
2017 January,-4.0,3.42,0.84,1.6,-0.17,-1.99,0.65,3.09,3.76,1.96,0.12,2.3,1.8
2017 February,-2.88,2.6,1.71,4.11,0.34,-1.87,1.23,2.13,3.42,2.13,1.0,1.52,1.42
2017 March,-5.37,0.35,1.67,2.52,0.78,-1.98,1.47,1.31,3.66,1.68,1.14,0.41,0.71
2017 April,-3.81,2.6,2.6,1.67,1.58,-1.99,2.7,3.8,3.99,2.18,2.3,3.04,3.12
2017 May,-5.99,5.86,1.97,4.05,1.73,-0.9,1.34,2.77,3.05,2.69,1.88,3.84,3.18
2017 June,-5.04,4.5,2.17,3.91,1.63,-1.51,0.84,3.96,4.37,2.95,1.6,3.97,3.16
2017 July,-5.02,6.52,0.36,3.84,1.74,-1.6,-0.31,4.18,3.41,2.31,1.05,3.8,2.86
2017 August,-3.37,4.86,1.47,3.08,1.03,-2.06,0.43,5.31,5.09,2.79,0.9,5.08,4.17
2017 September,-3.26,7.32,1.34,3.1,0.89,-1.8,0.51,6.18,4.09,1.53,0.79,5.77,4.43
2017 October,-4.73,3.36,-0.37,3.2,-0.2,-1.46,-1.14,3.95,5.39,1.53,-0.95,2.74,2.05
2017 November,-3.76,2.79,1.3,1.82,0.72,-1.67,1.04,3.0,3.29,1.06,0.88,2.07,1.89
2017 December,-3.7,1.57,-1.24,1.37,-0.43,-1.83,-1.7,2.8,3.18,0.81,-1.47,0.48,-0.19
2018 January,-2.88,0.92,1.0,2.42,0.4,-2.62,1.09,1.15,2.59,0.77,0.69,0.53,0.64
2018 February,-4.33,1.47,-1.01,0.51,0.94,-2.89,-1.24,2.26,3.97,0.37,-0.71,-0.08,-0.26
2018 March,-7.1,4.88,0.48,3.34,1.57,-2.8,0.12,3.17,3.76,1.23,0.96,2.5,2.14
2018 April,-5.02,1.8,1.0,2.24,-0.25,-2.4,0.72,2.88,3.54,1.23,-0.08,1.51,1.07
2018 May,-6.32,3.79,1.31,3.0,0.5,-2.22,1.9,2.78,3.2,2.21,0.77,2.48,1.81
2018 June,-5.65,5.67,0.57,3.91,0.38,-3.52,-0.34,2.46,3.05,2.35,-0.09,3.29,1.94
2018 July,-6.07,5.92,0.46,3.34,-0.3,-2.47,-0.63,4.71,2.91,2.32,-0.7,3.22,1.6
2018 August,-4.31,5.0,1.16,4.25,-0.01,-2.41,-0.27,4.49,4.73,2.71,-0.34,4.19,2.93
2018 September,-5.26,9.53,0.23,2.91,0.26,-2.44,-0.36,6.3,4.41,1.33,-0.2,5.43,3.67
2018 October,-4.11,3.78,0.74,5.21,0.53,-2.86,-0.11,3.5,5.38,3.03,0.13,3.51,3.2
2018 November,-2.96,2.77,-0.41,2.69,0.58,-1.79,-0.4,3.18,2.83,2.06,0.01,2.25,1.65
2018 December,-1.84,4.01,0.6,2.68,0.8,-2.31,0.86,4.69,3.17,1.76,0.88,3.6,3.0
2019 January,-3.28,4.45,0.87,3.25,1.27,-2.45,1.11,3.22,3.27,1.86,1.28,2.98,2.72
2019 February,-4.43,2.31,0.61,3.35,0.97,-2.89,-0.16,3.71,5.25,1.48,0.19,1.17,0.92
2019 March,-6.33,2.85,-0.42,2.2,-0.03,-2.04,-0.75,3.35,4.08,2.04,-0.52,1.82,1.11
2019 April,-4.07,2.17,1.01,2.24,0.87,-2.1,0.81,4.12,3.75,2.75,0.92,2.59,2.25
2019 May,-7.26,6.03,1.91,4.05,1.54,-1.83,0.59,4.27,5.49,2.99,1.41,4.62,3.36
2019 June,-7.23,5.3,-0.67,4.13,1.92,-3.09,-1.69,4.61,4.08,2.61,0.67,3.49,2.42
2019 July,-5.18,7.33,0.96,5.11,1.16,-2.14,-0.29,6.15,4.68,1.69,0.61,5.08,3.42
2019 August,-4.96,5.75,0.99,4.49,0.63,-1.28,-0.09,5.65,4.16,1.36,0.52,4.38,3.47
2019 September,-3.91,7.8,2.44,3.69,0.48,-1.73,1.04,6.15,5.07,1.54,0.77,5.94,4.53
2019 October,-4.98,5.82,-0.45,4.96,0.83,-1.88,-0.8,5.7,6.01,1.15,0.13,4.93,4.48
2019 November,-3.68,3.31,-0.9,3.57,1.01,-1.91,-1.18,4.62,3.86,2.22,-0.16,2.86,2.02
2019 December,-1.74,3.33,0.63,2.82,0.0,-2.17,0.59,4.01,3.32,2.4,0.26,3.2,2.47
2020 January,-3.29,4.35,1.46,3.25,1.27,-2.45,1.11,3.55,4.33,0.8,1.28,3.09,2.8
2020 February,-3.06,3.11,-0.73,3.35,0.97,-2.89,-0.16,3.08,3.71,0.69,0.19,1.29,1.01
2020 March,-7.69,3.81,-0.67,2.2,-0.03,-2.04,-0.75,2.68,3.83,1.64,-0.52,1.61,0.96
2020 April,-6.52,3.38,-0.27,2.24,0.87,-2.1,0.81,4.75,5.43,1.55,0.92,2.79,2.39
2020 May,-5.74,3.45,2.77,4.05,1.54,-1.83,0.59,3.64,4.07,2.55,1.41,3.22,2.57
2020 June,-5.65,4.92,1.17,4.13,1.92,-3.09,-1.69,5.19,4.89,1.79,0.67,4.24,2.88
2020 July,-4.86,7.64,1.1,5.11,1.16,-2.14,-0.29,5.44,4.58,1.84,0.61,5.11,3.44
2020 August,-3.14,5.27,0.8,4.49,0.63,-1.28,-0.09,5.92,5.13,2.08,0.52,5.48,4.28
2020 September,-3.69,7.26,1.7,3.69,0.48,-1.73,1.04,8.03,6.07,1.24,0.77,6.54,4.95
2020 October,-5.01,3.62,-0.16,4.96,0.83,-1.88,-0.8,4.94,4.72,1.64,0.13,3.18,2.91
2020 November,-3.66,1.92,-0.02,3.57,1.01,-1.91,-1.18,4.19,4.38,0.01,-0.16,1.68,1.16
